time,use_house_overall,generated_solar,dishwasher,homeoffice,fridge,winecellar,garagedoor,barn,well,microwave,livingroom,temperature,humidity,visibility,pressure,windspeed,cloudcover,windbearing,precipprobability,furnace,kitchen,year,month,day,weekofyear,hour,minute,wd_Friday,wd_Monday,wd_Saturday,wd_Sunday,wd_Thursday,wd_Tuesday,wd_Wednesday,time_Morning,time_Night
2016-01-01 05:00:00,1.1872757962944445,0.0380353796108333,0.0550866879980555,0.0918148981427777,0.0664641018516666,0.0197659259283333,0.0133730046322222,0.0970488009269444,0.0221927732113888,0.0088459166633333,0.0482547222186111,33.01033888888889,0.6097277777777778,9.905266666666666,1013.3239666666668,7.733644444444444,0.3555277777777778,250.48666666666668,0.0006444444444444,0.4450689768588889,0.0117701488636111,2016.0,1.0,1.9666666666666663,53.0,11.3,29.5,False,False,True,False,False,False,False,True,False
2016-01-01 06:00:00,1.1196945648136112,0.0802405370477777,0.0449290462019444,0.1314195972236111,0.0524067453775,0.0191618842505555,0.0136007777783333,0.0528465786886111,0.0226455741169444,0.0141169074125,0.0431440925941666,18.775005555555556,0.5840222222222222,9.916805555555555,1024.1611611111111,8.287394444444445,0.0897833333333333,293.82722222222225,0.0,0.4890057222197222,0.0100394407919444,2016.0,1.0,4.45,7.066666666666666,11.7,29.5,False,True,False,False,False,False,False,False,True
2016-01-01 07:00:00,0.9534787268611112,0.0745600925925,0.0365119023430555,0.1004711157475,0.0664515324072222,0.0170283750008333,0.0134252037008333,0.0656933333327777,0.0112599861805555,0.0116532639033333,0.0502908750061111,24.236133333333335,0.6147055555555556,9.929494444444444,1027.5027666666667,3.83815,0.0371222222222222,131.14277777777778,0.0,0.4297684583313889,0.0101449078555555,2016.0,1.0,6.966666666666667,1.0,11.3,29.5,False,False,False,False,True,False,False,True,False
2016-01-01 08:00:00,1.0803229953830555,0.0131101296397222,0.0307012141375,0.0972018796266666,0.0575165463011111,0.0218872685252777,0.0145003935175,0.0995364537058333,0.0168387176511111,0.0075349259277777,0.0578339027819444,39.9569,0.7849444444444444,8.501144444444444,1012.8715611111112,6.648811111111112,0.4887944444444445,116.13888888888889,0.1474166666666666,0.3448753842652778,0.0111640929752777,2016.0,1.0,9.45,1.0833333333333333,11.7,29.5,False,False,True,False,False,False,False,False,True
2016-01-01 09:00:00,1.0648342546252778,0.0466146250052777,0.0424059422144444,0.0990818842647222,0.0578200648172222,0.0157381851919444,0.0133736574036111,0.0346588055491666,0.0178220278272222,0.0094818888844444,0.0585622824144444,24.46368888888889,0.5628777777777777,9.119566666666667,1010.9602666666668,9.551461111111111,0.1654222222222222,241.29444444444445,0.0146611111111111,0.5093273055494444,0.0091935661661111,2016.0,1.0,11.966666666666669,2.0,11.3,29.5,False,False,False,False,False,True,False,True,False
2016-01-01 10:00:00,0.9294201944455556,0.0656475972186111,0.0293071096677777,0.09983637037,0.0446905833291666,0.0174582777752777,0.0138343657447222,0.0355651342630555,0.011982837955,0.0075286389027777,0.0270138286955555,28.374861111111112,0.7125499999999999,9.075933333333332,1009.6983833333334,4.522333333333333,0.3341944444444444,153.1461111111111,0.0804666666666666,0.4781966851877778,0.0102123988038888,2016.0,1.0,14.45,2.0,11.7,29.5,True,False,False,False,False,False,False,False,True
2016-01-01 11:00:00,1.1550075925941663,0.0286717176052777,0.0452002486055555,0.0990125879597222,0.0615172407336111,0.0211329768538888,0.0139626944488888,0.0728369444508333,0.0192379536980555,0.0107123981511111,0.0688251157383333,28.35647777777778,0.6415000000000001,9.244666666666667,1006.3090444444445,9.215438888888889,0.2665444444444445,257.4327777777778,0.0076611111111111,0.4355872407366666,0.0100213517169444,2016.0,1.0,16.966666666666665,2.283333333333333,11.3,29.5,False,False,False,True,False,False,False,True,False
2016-01-01 12:00:00,1.220701736107778,0.0802105601738889,0.0187287653502777,0.1086627314886111,0.0489591712919444,0.0188915694441666,0.0132114814813888,0.0670853888875,0.018486597345,0.0073009490791666,0.03632027301,22.00583333333333,0.52045,9.885105555555556,1016.3626944444444,12.267061111111111,0.0761833333333333,300.81166666666667,0.0,0.6419616712855556,0.0102044361825,2016.0,1.0,19.45,3.0,11.7,29.5,False,False,False,False,False,True,False,False,True
2016-01-01 13:00:00,0.9316756249888888,0.076077898135,0.0202512120508333,0.0637136527763888,0.0426009768544444,0.0170222638847222,0.0136468703755555,0.0840296851913888,0.0125381388927777,0.0052679861316666,0.0217700231472222,22.17765,0.5175277777777778,9.493611111111113,1017.6796444444444,10.2987,0.0642944444444444,127.01222222222222,0.0078944444444444,0.5263153796375,0.009686366525,2016.0,1.0,21.966666666666665,3.0,11.3,29.5,True,False,False,False,False,False,False,True,False
2016-01-01 14:00:00,1.1168336342605556,0.0789933102013888,0.0695063140877777,0.0738501990755555,0.0613647037083333,0.0184803055530555,0.0138293009286111,0.0968431944516666,0.0263747546216666,0.0153679768766666,0.0396093101866666,29.831244444444444,0.5804444444444444,9.889011111111111,1018.5628222222224,6.190449999999999,0.0804388888888888,239.90777777777777,0.0001611111111111,0.4478003749963889,0.0128397186666666,2016.0,1.0,24.45,3.4833333333333334,11.7,29.5,False,True,False,False,False,False,False,False,True
2016-01-01 15:00:00,0.8530299953666667,0.0565820925869444,0.0193596438227777,0.0755190879513888,0.0466771157405555,0.0187104212972222,0.0133304398102777,0.0740846574044444,0.0133377777877777,0.0079950000183333,0.0382481666611111,32.89972777777778,0.6450611111111111,9.883655555555556,1011.5553611111112,6.693327777777777,0.1365666666666666,237.41944444444445,0.0,0.3763476620383333,0.0101016685869444,2016.0,1.0,26.966666666666665,4.0,11.3,29.5,False,False,False,False,False,False,True,True,False
2016-01-01 16:00:00,0.8926000648266667,0.0617178518730555,0.0194404026222222,0.0695723796188888,0.049706490735,0.0216295509227777,0.0135973518447222,0.1034090648083333,0.0128888703669444,0.0077719213163888,0.0288806851874999,35.309444444444445,0.5854111111111111,9.77162777777778,1009.9600611111111,7.851838888888889,0.12975,231.93555555555557,0.0009666666666666,0.4103103472236111,0.0080336160586111,2016.0,1.0,29.45,4.0,11.7,29.5,True,False,False,False,False,False,False,False,True
2016-01-01 17:00:00,0.9843156203783332,0.0561025324130555,0.0681050644836111,0.0633818194408333,0.0614643055499999,0.0224083148236111,0.0138756990708333,0.0632850555563888,0.0225085833316666,0.0102170324116666,0.043577259265,38.71188333333333,0.6703444444444444,9.460177777777778,1018.517061111111,5.847155555555555,0.182,230.36833333333337,0.0736,0.2921253935097222,0.0129875570205555,2016.0,1.6833333333333331,10.783333333333331,4.683333333333334,11.3,29.5,False,True,False,False,False,False,False,True,False
2016-01-01 18:00:00,0.700293819448611,0.0409156944436111,0.0161669496569444,0.0731111990702777,0.0491170046288888,0.0197425277822222,0.0143037407463888,0.0832971759247222,0.0108231990744444,0.0073659722369444,0.0242000833352777,40.135577777777776,0.7099444444444445,8.4756,1017.0635722222222,8.750594444444443,0.3810833333333334,278.0061111111111,0.1360055555555555,0.2561918009208333,0.0050484057688888,2016.0,2.0,3.45,5.0,11.7,29.5,False,False,False,False,True,False,False,False,True
2016-01-01 19:00:00,0.8029740231505555,0.062654268545,0.0200727173775,0.0595342870361111,0.0452299074141666,0.0174294351805555,0.0134615879588888,0.05502560649,0.0134958749949999,0.0067868333316666,0.0153971851877777,28.993016666666666,0.65615,8.591411111111112,1019.0865055555556,6.751811111111111,0.1201,127.18166666666669,0.0235166666666666,0.4075091527688889,0.0077650146419444,2016.0,2.0,5.966666666666667,5.0,11.3,29.5,False,False,True,False,False,False,False,True,False
2016-01-01 20:00:00,1.175519027771389,0.0555153842497222,0.0512841436883333,0.0845604259258333,0.0582454999936111,0.0235404259336111,0.0134772361122222,0.1023586990711111,0.0212000833125,0.0111301990830555,0.0540020833247222,24.59666111111111,0.7667111111111111,7.5519944444444445,1004.2530666666668,4.369644444444444,0.2619277777777778,169.67888888888888,0.0723444444444444,0.3933983425988889,0.0299517499874999,2016.0,2.0,8.45,5.883333333333334,11.7,29.5,False,True,False,False,False,False,False,False,True
2016-01-01 21:00:00,1.0860868333286111,0.0312431851733333,0.0210812591169444,0.0627481157444444,0.0549289259269444,0.0212380972247222,0.01382605556,0.0371624259294444,0.0128886759169444,0.0084195972297222,0.0358752314775,11.869694444444445,0.5244888888888889,9.702333333333334,1016.1505666666668,10.742644444444444,0.1414277777777777,262.65777777777777,0.0,0.6158585231483333,0.0076131192911111,2016.0,2.0,10.966666666666669,6.0,11.3,29.5,False,False,False,False,True,False,False,True,False
2016-01-01 22:00:00,1.2107363981391668,0.1142546111355555,0.0298912747194444,0.0814573425886111,0.0495670185169444,0.0169679490719444,0.0129310601836111,0.0909692685147222,0.0170739490641666,0.0071829537027777,0.0160873194519444,7.556344444444444,0.6299888888888889,7.7045,1028.2128777777775,5.656655555555555,0.3138611111111111,191.85944444444445,0.1124611111111111,0.7495225370430555,0.0099346568633333,2016.0,2.0,13.45,6.083333333333333,11.7,29.5,False,False,True,False,False,False,False,False,True
2016-01-01 23:00:00,1.2429246203744444,0.0157691527705555,0.0351131613438888,0.0675712407383333,0.0536745833311111,0.0173252083363888,0.0134549398141666,0.0819228472244444,0.0223958009233333,0.0084393564888888,0.0373837314747222,32.155627777777774,0.6151888888888889,9.4888,1018.0686944444444,9.822838888888889,0.2131277777777777,296.18944444444446,0.0808722222222222,0.5883335370416666,0.0073886486149999,2016.0,2.0,15.966666666666669,7.0,11.3,29.5,False,False,False,False,False,True,False,True,False
2016-01-02 00:00:00,1.0124911064852775,0.0826881064777777,0.0194231011077777,0.0632894166741666,0.0506890694466666,0.0190312777730555,0.0137989120344444,0.0580502037047222,0.0167304120269444,0.0068038888930555,0.0372463194441666,39.45805555555555,0.5442388888888889,9.925083333333331,1017.6309555555556,8.597827777777779,0.2317222222222222,222.15833333333333,0.0180444444444444,0.5341328287130556,0.0059441078933333,2016.0,2.0,18.45,7.0,11.7,29.5,True,False,False,False,False,False,False,False,True
2016-01-02 01:00:00,0.9088010972288888,0.0949174213097222,0.0522222091713888,0.0680366435180555,0.0606441527791666,0.0215872129602777,0.0137913009294444,0.1221238425849999,0.0190246898188888,0.0078104166783333,0.0400096990766666,33.612,0.6269444444444444,8.934994444444444,1023.1270222222222,6.257733333333333,0.2916999999999999,169.84277777777777,0.0662277777777777,0.3643497222108333,0.0096647972027777,2016.0,2.0,20.966666666666665,7.283333333333333,11.3,29.5,False,False,False,True,False,False,False,True,False
2016-01-02 02:00:00,1.0716019814819444,0.0458729120397222,0.0348089341505555,0.0624354398058333,0.0529533611086111,0.0201994259211111,0.0139001666675,0.0567175277775,0.0276383981591666,0.0238207268683333,0.0393070231486111,39.84664444444445,0.7201555555555555,7.731616666666667,1001.0440111111112,12.273927777777777,0.5569888888888889,199.615,0.2909555555555556,0.4471047222255556,0.0074965593527777,2016.0,2.0,23.45,8.0,11.7,29.5,False,False,False,False,False,True,False,False,True
2016-01-02 03:00:00,0.8487881759244444,0.0957987453436111,0.0196690875427777,0.0551326203772222,0.0535934398119444,0.0197292777761111,0.0138973333330555,0.0343930324002777,0.0121004259294444,0.0061001435313888,0.0235170138830555,36.49675555555556,0.5260222222222223,9.967283333333334,1010.98785,8.517344444444443,0.0371166666666666,218.03444444444443,0.0049111111111111,0.4946030879580556,0.006109449905,2016.0,2.0,25.966666666666665,8.0,11.3,29.5,True,False,False,False,False,False,False,True,False
2016-01-02 04:00:00,0.9237409027741668,0.0765312592586111,0.0375855205797222,0.0817964814858333,0.0596242870344444,0.0200475972233333,0.0136893564822222,0.0372410138875,0.0179590138938888,0.0099657592636111,0.0398238518525,36.26352222222222,0.5544611111111111,9.432255555555557,1010.0111611111112,9.730322222222224,0.2429944444444444,241.27333333333337,0.1265555555555555,0.2899971574105555,0.0112126336888888,2016.0,2.0833333333333335,26.033333333333335,8.483333333333333,11.7,29.5,False,True,False,False,False,False,False,False,True
2016-01-02 05:00:00,0.7691821296288889,0.1012249722080555,0.0403488935697222,0.0636747037044444,0.0470433472236111,0.0182448333286111,0.0140751111136111,0.0381261388936111,0.0151193009113888,0.0087230509425,0.0580160370355555,26.0414,0.5111055555555556,9.681805555555556,1021.6148055555554,7.5656,0.1215944444444444,158.33666666666667,0.0008055555555555,0.3006232314822222,0.0100189374263888,2016.0,3.0,1.9666666666666663,9.0,11.3,29.5,False,False,False,False,False,False,True,True,False
2016-01-02 06:00:00,0.8024207453783333,0.0979886296161111,0.0382117600388888,0.0543358703719444,0.0493492314813888,0.0293381944494444,0.0138221342675,0.0355809166663888,0.0191014351866666,0.0170759768572222,0.0161313564811111,34.13745,0.5465722222222222,9.847511111111112,1021.7717222222224,4.425938888888889,0.1394777777777777,225.9427777777778,0.0,0.3215429351722222,0.0053100332622222,2016.0,3.0,4.45,9.0,11.7,29.5,True,False,False,False,False,False,False,False,True
2016-01-02 07:00:00,0.8179932361211112,0.10173756943,0.0323015842094444,0.04885592593,0.0520911620438888,0.02824167592,0.0142832314830555,0.0340585879547222,0.0222510601905555,0.007125888895,0.0625852268519444,56.17101666666667,0.5936611111111111,9.453827777777777,1016.7044666666668,5.5726,0.1957722222222222,204.255,0.0689333333333333,0.2953131805641666,0.0066676502252777,2016.0,3.0,6.966666666666667,9.683333333333334,11.3,29.5,False,True,False,False,False,False,False,True,False
2016-01-02 08:00:00,0.5399622083311111,0.075463425915,0.0160721288391666,0.0909341296308333,0.0559996805527777,0.03241728704,0.0136482499938888,0.0360033101847222,0.0086058703708333,0.0078945833408333,0.041973736105,48.15325,0.6270388888888889,9.7908,1018.7860722222222,7.861933333333333,0.16575,270.9138888888889,0.0539944444444444,0.11958940741,0.0090015828669444,2016.0,3.0,9.45,10.0,11.7,29.5,False,False,False,False,True,False,False,False,True
2016-01-02 09:00:00,0.5602489953725001,0.1066017916652777,0.0165624845791666,0.0795637546191666,0.0535098009280555,0.0271330879636111,0.0139374259288888,0.0370986898138888,0.0141259351925,0.00997500463,0.0445484583305555,45.3276,0.6542111111111111,8.385505555555556,1016.920111111111,7.802561111111111,0.5584111111111111,69.34333333333333,0.2141166666666666,0.1767794953672222,0.0101018922894444,2016.0,3.0,11.966666666666669,10.0,11.3,29.5,False,False,True,False,False,False,False,True,False
2016-01-02 10:00:00,0.8163252407402778,0.0370256388991666,0.0410129530630555,0.1011645972147222,0.0506724027591666,0.0253919490733333,0.0133808148166666,0.0376320787002777,0.0135929259344444,0.0115740509322222,0.0289203611186111,47.01517222222222,0.7226166666666667,8.936333333333334,1008.3448166666666,6.917927777777778,0.2350833333333333,196.29,0.0860277777777777,0.2838171528269444,0.0078607982586111,2016.0,3.0,14.45,10.883333333333333,11.7,29.5,False,True,False,False,False,False,False,False,True
2016-01-02 11:00:00,0.6679908425925001,0.0975674537119444,0.0206732852105555,0.072358912035,0.0598228148238888,0.0250143657325,0.0138018009308333,0.0348202453711111,0.0155264027777777,0.0091746018525,0.0377617870352777,33.52149444444444,0.4647722222222222,9.547616666666666,1017.4675055555556,6.848511111111111,0.1620166666666666,205.8661111111111,0.0157833333333333,0.2733764536969444,0.0075340480419444,2016.0,3.0,16.966666666666665,11.0,11.3,29.5,False,False,False,False,True,False,False,True,False
2016-01-02 12:00:00,0.9382528981458332,0.0974824953847222,0.0517504891319444,0.0828153101852777,0.0540795231513888,0.0260444583286111,0.0144056805516666,0.0347806018497222,0.0238504259211111,0.0089682824088888,0.0312750416661111,41.77511111111111,0.5051055555555555,9.549205555555556,1013.0012222222222,9.290522222222222,0.2035722222222222,252.79555555555555,0.0124166666666666,0.41038290277,0.0153272201663888,2016.0,3.0,19.45,11.083333333333334,11.7,29.5,False,False,True,False,False,False,False,False,True
2016-01-02 13:00:00,0.8060208194519444,0.1063379027613888,0.0353519787425,0.0815587731458333,0.0511599953613888,0.0236317916616666,0.0133457499922222,0.0336773703725,0.0167159027788888,0.0105930416597222,0.0343828055508333,42.31185,0.6998333333333333,8.502472222222222,1015.7826444444444,7.474533333333333,0.3664277777777778,136.8088888888889,0.0605777777777777,0.3870562638833333,0.0076655097144444,2016.0,3.0,21.966666666666665,12.0,11.3,29.5,False,False,False,False,False,True,False,True,False
2016-01-02 14:00:00,0.6814183055574999,0.0729992407447222,0.0402541536983333,0.0924086203708333,0.0501412592538888,0.0222759166691666,0.0141096666630555,0.0338617175925,0.0098781805563888,0.0085565833425,0.0217191574083333,42.064188888888886,0.7279277777777777,9.071516666666666,1019.7083333333334,5.2219500000000005,0.3475166666666666,141.29944444444445,0.1226055555555555,0.2896587546347222,0.0057878172263888,2016.0,3.0,24.45,12.0,11.7,29.5,True,False,False,False,False,False,False,False,True
2016-01-02 15:00:00,0.9093795925963888,0.0706527500063888,0.0482899120752777,0.0624318333375,0.0531067361036111,0.0495730833277777,0.0132770462975,0.0486274212963888,0.0252396851811111,0.0060041574180555,0.0246855879725,43.22258333333333,0.4986,9.996294444444445,1016.2762777777778,12.516222222222222,0.1138777777777777,249.38111111111112,0.0037055555555555,0.3189965509283333,0.0118294085588888,2016.0,3.0,26.966666666666665,12.283333333333331,11.3,29.5,False,False,False,True,False,False,False,True,False
2016-01-02 16:00:00,0.8378488055550001,0.0687306574280555,0.0376168499433333,0.1054902314905555,0.0574261898194444,0.0300710555486111,0.0133392870372222,0.0518646018516666,0.0148727777738888,0.0088510185252777,0.0259861574080555,54.60136111111111,0.7256611111111111,9.316633333333332,1001.4255555555555,9.273894444444444,0.2636666666666666,217.08388888888888,0.1535055555555555,0.3563432546319444,0.0109155249033333,2016.0,3.0,29.45,13.0,11.7,29.5,False,False,False,False,False,True,False,False,True
2016-01-02 17:00:00,0.6500340138874999,0.0343605879655555,0.0153021288138888,0.0857026018577777,0.0529779351888888,0.0375893981427777,0.013921629625,0.0640404074130555,0.01079229168,0.0113255694580555,0.0259202638897222,26.669066666666662,0.6312388888888889,7.649,1014.1738777777778,10.634966666666664,0.3562055555555555,188.06833333333333,0.1335944444444444,0.2141367592652777,0.008821215785,2016.0,3.683333333333333,10.783333333333331,13.0,11.3,29.5,True,False,False,False,False,False,False,True,False
2016-01-02 18:00:00,1.1748771203588888,0.0206182916588888,0.0662197560047222,0.0925399259286111,0.0599661759311111,0.0306651296325,0.0133436388933333,0.0357395185188888,0.0221933796341666,0.0123693009238888,0.0446108564855555,39.56981666666667,0.6500888888888889,9.37962777777778,1012.9277944444444,8.81033888888889,0.1707777777777777,209.64944444444444,0.1014999999999999,0.4530068379641667,0.0087721524930555,2016.0,4.0,3.45,13.483333333333333,11.7,29.5,False,True,False,False,False,False,False,False,True
2016-01-02 19:00:00,0.7861235648152778,0.0487957036977777,0.0208953698344444,0.0721486805602777,0.0494799444477777,0.0197770648091666,0.0134958194441666,0.0333558518563888,0.0153152638927777,0.0076295972255555,0.0490833935208333,37.99042222222222,0.4783777777777778,9.941127777777778,1011.5324111111112,8.46268888888889,0.2046166666666666,259.3861111111111,0.0119222222222222,0.3700889305602778,0.0068040254116666,2016.0,4.0,5.966666666666667,14.0,11.3,29.5,False,False,False,False,False,False,True,True,False
2016-01-02 20:00:00,0.7436308981425,0.0571784444319444,0.0159637517891666,0.0953665787108333,0.0421744953744444,0.0319274675936111,0.0152028425877777,0.0768081018447222,0.0124222407508333,0.0060809490786111,0.0273296296358333,44.568422222222225,0.6577944444444445,9.573055555555555,1020.73205,9.19077777777778,0.4288166666666667,229.5388888888889,0.1288888888888889,0.3078303518547222,0.0045059859647222,2016.0,4.0,8.45,14.0,11.7,29.5,True,False,False,False,False,False,False,False,True
2016-01-02 21:00:00,0.8806024027786111,0.0697446064711111,0.03540258372,0.0697107916683333,0.0613871481416666,0.0339947916708333,0.0138728240766666,0.1207714212919444,0.0178569351997222,0.010620018525,0.0397544722275,45.92724444444444,0.4384666666666666,9.981472222222225,1028.5868444444443,5.088755555555555,0.0313111111111111,105.91277777777778,0.0,0.2757909398147222,0.0077981399219444,2016.0,4.0,10.966666666666669,14.683333333333334,11.3,29.5,False,True,False,False,False,False,False,True,False
2016-01-02 22:00:00,0.6679286388852778,0.1357883842744444,0.0372107578802777,0.0670346805594444,0.0508496111183333,0.0409906435158333,0.0143874675963888,0.0803821342580555,0.0184268240625,0.0129438425933333,0.0417303333330555,51.48591666666666,0.4402,9.999355555555557,1028.0456944444445,5.011577777777778,0.0271611111111111,121.14055555555557,0.0,0.1910959861041666,0.0050435622852777,2016.0,4.0,13.45,15.0,11.7,29.5,False,False,False,False,True,False,False,False,True
2016-01-02 23:00:00,0.4117866527777777,0.1461190138980555,2.2859021666666663e-05,0.0419993472133333,0.0519107083238888,0.0240802083288888,0.0137068564725,0.0469589212961111,0.0081473333225,0.0052782500111111,0.0099553703622222,52.90446111111111,0.407,9.993588888888889,1019.5164,7.736105555555556,0.0959111111111111,222.9005555555555,0.0006444444444444,0.1751690740580555,0.0031777832725,2016.0,4.0,15.966666666666669,15.0,11.3,29.5,False,False,True,False,False,False,False,True,False
2016-01-03 00:00:00,0.6555024583305555,0.1321305046366666,0.0596097065852777,0.0912222870261111,0.0695479629591666,0.0398515601822222,0.0171737823988888,0.0467922129544444,0.0205538425780555,0.0207275277849999,0.0403735046294444,61.03554444444444,0.5773999999999999,9.19731111111111,1012.4998944444444,6.267655555555556,0.1774166666666666,222.60666666666663,0.0679888888888888,0.1036527129569444,0.0080855302744444,2016.0,4.0,18.45,15.883333333333333,11.7,29.5,False,True,False,False,False,False,False,False,True
2016-01-03 01:00:00,0.4036983287072222,0.133785972205,0.0203110787175,0.0748280462969444,0.0563122175952777,0.0312521388836111,0.0138911481541666,0.0358776805513888,0.0111922407258333,0.0123299259275,0.0273690462938888,49.60643888888889,0.4051888888888889,9.926494444444444,1015.0193333333334,5.445694444444444,0.2019111111111111,195.75222222222223,0.0266722222222222,0.10078824537,0.0086279333444444,2016.0,4.0,20.966666666666665,16.0,11.3,29.5,False,False,False,False,True,False,False,True,False
2016-01-03 02:00:00,0.5535740972277777,0.1086880462872222,0.0165650446133333,0.0597217685130555,0.0682495231594444,0.1014547314819444,0.0150539120394444,0.0657652222258333,0.0134460833269444,0.0063082361122222,0.0351079861194444,45.770672222222224,0.5636,9.257961111111111,1012.8437555555556,5.156355555555556,0.2508,209.6761111111111,0.0456666666666666,0.1072153842605555,0.0071265007841666,2016.0,4.0,23.45,16.083333333333332,11.7,29.5,False,False,True,False,False,False,False,False,True
2016-01-03 03:00:00,0.7269320046327777,0.0661327083241666,0.0596630964119444,0.0713933518544444,0.0691061064797222,0.0190001249963888,0.0143117314847222,0.0457991713025,0.0145924768716666,0.0192143055677777,0.0426881435180555,50.44702222222222,0.5574055555555556,9.927994444444444,1021.0760833333331,5.334511111111111,0.1975388888888888,166.36888888888888,0.0378666666666666,0.1885020416608333,0.008843721155,2016.0,4.0,25.966666666666665,17.0,11.3,29.5,False,False,False,False,False,True,False,True,False
2016-01-03 04:00:00,0.60210333333,0.1234583935183333,0.0537692387611111,0.0687353981530555,0.0547043518547222,0.0262616527802777,0.0151118055575,0.0696535787125,0.0180830277775,0.0120573981475,0.0554451388852777,46.99815555555555,0.8759722222222223,7.72585,1014.5100611111112,3.501816666666667,0.9183166666666668,125.55555555555556,0.1833388888888888,0.1492419166655555,0.0091421277486111,2016.0,4.0,28.45,17.0,11.7,29.5,True,False,False,False,False,False,False,False,True
2016-01-03 05:00:00,0.7742237962938889,0.0395780601805555,0.0193222400563888,0.0640947500038889,0.0514523703741666,0.0223876388825,0.0144651481486111,0.1010942916688888,0.0178884259252777,0.0099345000013888,0.032194592595,49.44384444444445,0.7814277777777777,9.45486111111111,1007.943822222222,8.187044444444444,0.8893166666666666,43.102222222222224,0.0987055555555555,0.2131460879680555,0.0088730918263888,2016.0,4.683333333333334,10.466666666666669,17.283333333333335,11.3,29.5,False,False,False,True,False,False,False,True,False
2016-01-03 06:00:00,0.6972299259258333,0.0194372962983333,0.0521161249280555,0.0856638981533333,0.0569126944297222,0.0194183981391666,0.0133027592591666,0.0358648796247222,0.0116981713147222,0.0226778750025,0.0347098703663888,51.008338888888886,0.77045,8.790211111111113,1007.9338,7.205177777777777,0.5441611111111111,152.45555555555555,0.1089666666666666,0.2020774490611111,0.0110012382858333,2016.0,5.0,3.45,18.0,11.7,29.5,False,False,False,False,False,True,False,False,True
2016-01-03 07:00:00,0.7305459398202778,0.0392674259330555,0.0364745993847222,0.074767814815,0.0544432500008333,0.0301794074091666,0.0137579027699999,0.1028464814772222,0.0128394676088888,0.0078405000033333,0.042939046295,56.13987222222222,0.4243611111111111,9.994522222222225,1019.5486333333332,6.342672222222222,0.0546277777777777,273.75055555555554,0.0,0.2132123148116666,0.0087796425638888,2016.0,5.0,5.966666666666667,18.0,11.3,29.5,True,False,False,False,False,False,False,True,False
2016-01-03 08:00:00,0.8952600185144445,0.0980974074374999,0.05827806896,0.1147626898144444,0.066585217595,0.0281324398097222,0.0149840231511111,0.1634933055569444,0.0172138240916666,0.0170902592766666,0.0405337685211111,60.08166111111112,0.64165,8.869483333333333,1013.5511388888888,4.532061111111111,0.2071777777777778,178.225,0.0613833333333333,0.1502280416605555,0.0122319062927777,2016.0,5.0,8.45,18.483333333333334,11.7,29.5,False,True,False,False,False,False,False,False,True
2016-01-03 09:00:00,0.4204436898238889,0.1397020694461111,0.0351275180316666,0.0688809537022222,0.0556230740738888,0.0293307546191666,0.0153549073991666,0.0373520416697222,0.0106594629602777,0.0053794629666666,0.0296113287075,51.603683333333336,0.5060833333333333,9.910422222222222,1008.7302055555556,12.81923888888889,0.2220333333333333,265.0877777777778,0.0388277777777777,0.1077019861163889,0.0106513514902777,2016.0,5.0,10.966666666666669,19.0,11.3,29.5,False,False,False,False,False,False,True,True,False
2016-01-03 10:00:00,0.5697758703705555,0.0803283472008333,0.0186487917427777,0.0456315648047222,0.0679142037033333,0.0386806851830555,0.0140622638863888,0.1173023703736111,0.0089410231433333,0.00653684723,0.0308852916661111,56.78890555555555,0.5374166666666667,9.97535,1019.2226222222222,5.313994444444445,0.1726833333333333,199.75333333333333,0.0067277777777777,0.0994446666702777,0.0040506925961111,2016.0,5.0,13.45,19.0,11.7,29.5,True,False,False,False,False,False,False,False,True
2016-01-03 11:00:00,0.8148864722208333,0.0873500370469444,0.0314160419044444,0.0778229247355555,0.0583611342522222,0.0198731585927777,0.0132058796294444,0.0969342951105555,0.0214261760013888,0.0099025370483333,0.0514599906480555,57.80235555555556,0.6364833333333334,9.135477777777778,1019.2245888888888,3.906794444444445,0.1228611111111111,204.0222222222222,0.0240444444444444,0.1924090428516666,0.0093837563666666,2016.0,5.0,15.966666666666669,19.683333333333337,11.3,29.5,False,True,False,False,False,False,False,True,False
2016-01-03 12:00:00,0.5864698750083334,0.0955601250013889,0.0371202537272222,0.0780489444394444,0.0528816203602777,0.0302163518522222,0.0146351574094444,0.1071246388930555,0.0103840972075,0.0123797870455555,0.0319848935258333,62.76807222222222,0.6580833333333334,9.448683333333332,1011.7225277777778,4.884594444444445,0.2684055555555555,88.05444444444444,0.0989222222222222,0.0987976944486111,0.0092373872430555,2016.0,5.0,18.45,20.0,11.7,29.5,False,False,False,False,True,False,False,False,True
2016-01-03 13:00:00,0.4099904907425,0.0824440416494444,0.0210553213125,0.0413733240669444,0.0582790740669444,0.0311422916638888,0.0131562083283333,0.0342815694402777,0.0056723703475,0.0055321018599999,0.0111500324080555,69.20092777777778,0.6381444444444445,8.759777777777778,1016.77995,4.527816666666666,0.1149833333333333,220.25055555555556,0.0009666666666666,0.1000394120391666,0.0027618837502777,2016.0,5.0,20.966666666666665,20.0,11.3,29.5,False,False,True,False,False,False,False,True,False
2016-01-03 14:00:00,0.4952138287033333,0.0813179768472222,0.0184663879986111,0.0547174536972222,0.0576729166591666,0.0381797546361111,0.0141315231458333,0.0313909351919444,0.0094176110883333,0.0051167037058333,0.0290739907272222,75.53332777777777,0.6840777777777778,9.304466666666666,1018.2206611111112,5.1194500000000005,0.0839888888888888,156.31444444444443,0.02465,0.0905618657477777,0.0057503178133333,2016.0,5.0,23.45,20.883333333333333,11.7,29.5,False,True,False,False,False,False,False,False,True
2016-01-03 15:00:00,0.3127448009272222,0.1031181851861111,4.921527777777778e-06,0.0281016157372222,0.0571304444422222,0.0462898287072222,0.0130313935086111,0.04351765278,0.0009258518233333,0.0039981944505555,0.000923046265,69.82077777777778,0.6956277777777778,9.035266666666669,1014.8832222222222,5.625694444444444,0.2092277777777778,188.11833333333337,0.1081055555555555,0.0876559166666666,0.0006769991788888,2016.0,5.0,25.966666666666665,21.0,11.3,29.5,False,False,False,False,True,False,False,True,False
2016-01-03 16:00:00,0.3517253055641666,0.0932513101855555,4.777888888888888e-06,0.0281152175899999,0.0625888564772222,0.0611373425975,0.0129710648025,0.0575677222188888,0.0009729860825,0.0040487824133333,0.0009653564444444,67.13880555555556,0.7111666666666666,9.412855555555556,1018.6722277777778,5.86975,0.28755,150.62277777777777,0.0143388888888888,0.0883044259188888,0.0006979047105555,2016.0,5.0,28.45,21.083333333333332,11.7,29.5,False,False,True,False,False,False,False,False,True
2016-01-03 17:00:00,0.4117110833375,0.1097549027988888,5.694805555555555e-06,0.0445074583305555,0.0766148611088888,0.0578335925802777,0.0133447361186111,0.0561366805508333,0.00777474072,0.0111010416747222,0.0117430694175,69.26952777777778,0.7483388888888889,8.364455555555557,1008.5071277777778,5.491005555555556,0.3197277777777778,199.11555555555557,0.1498333333333333,0.0904223240797222,0.0025179413655555,2016.0,5.283333333333333,22.183333333333337,22.0,11.3,29.5,False,False,False,False,False,True,False,True,False
2016-01-03 18:00:00,0.5162880740752778,0.0935985046233333,0.0326794429297222,0.0765866342536111,0.0748418935127777,0.0509748194438888,0.0145095324133333,0.0338306712916666,0.0122897314602777,0.0058003194452777,0.0292518333336111,62.98471111111111,0.6516555555555555,9.82165,1001.1430888888888,8.596655555555555,0.2018277777777778,266.9788888888889,0.0770111111111111,0.1020463981425,0.0062031556261111,2016.0,6.0,2.45,22.0,11.7,29.5,True,False,False,False,False,False,False,False,True
2016-01-03 19:00:00,0.8350150972249999,0.0700856805741666,0.0417531199766666,0.0527955046255555,0.0699024074080555,0.0559491388844444,0.0182204537066666,0.1968142546172222,0.0360565462875,0.0077695833225,0.0393959907408333,59.42684444444445,0.5886944444444445,9.697327777777778,1011.5861222222222,8.277322222222223,0.1688722222222222,254.1761111111111,0.0470444444444444,0.0924607824152777,0.0097400658866666,2016.0,6.0,4.966666666666667,22.283333333333335,11.3,29.5,False,False,False,True,False,False,False,True,False
2016-01-03 20:00:00,0.6271721990752778,0.0909670462783333,0.0373251419969444,0.0681064166691666,0.0709597638880555,0.0452309537033333,0.0149500416666666,0.1047107824027777,0.0166163703561111,0.01556724074,0.0349369027733333,60.47205,0.6427222222222223,9.191972222222224,1006.846461111111,11.053838888888889,0.1893777777777777,297.2261111111111,0.0041888888888888,0.0916494675822222,0.0071781975069444,2016.0,6.0,7.45,23.0,11.7,29.5,False,False,False,False,False,True,False,False,True
2016-01-03 21:00:00,0.4545174120486111,0.1080694166652777,0.0388978704080555,0.0628622129630555,0.0639564351930555,0.0318603981449999,0.0134061296202777,0.0474982962969444,0.0147806157455555,0.008965930565,0.0281660277791666,69.05601666666666,0.5703444444444444,9.982716666666668,1010.4772444444444,5.055094444444444,0.0932944444444444,214.61444444444444,0.0004833333333333,0.0984023425872222,0.0059055462805555,2016.0,6.0,9.966666666666669,23.0,11.3,29.5,True,False,False,False,False,False,False,True,False
2016-01-03 22:00:00,0.4443483703830556,0.0833123888802777,0.0173383081241666,0.0623374768438888,0.0594876342513888,0.0313485509238888,0.0149522361119444,0.0354567083258333,0.0089468147983333,0.0053837592669444,0.0163531111141666,68.99008888888889,0.533088888888889,9.985383333333331,1020.5649722222222,4.892127777777778,0.08565,154.7888888888889,0.0,0.0901715648147222,0.0048199492588888,2016.0,6.0,12.45,23.483333333333334,11.7,29.5,False,True,False,False,False,False,False,False,True
2016-01-03 23:00:00,0.4434533286966667,0.1259342176288888,0.0109067082061111,0.0849575277819444,0.0602476342608333,0.0419694490747222,0.0138785000030555,0.0378353842527777,0.0194404999758333,0.00804851389,0.0281416574077777,69.76047777777778,0.6230444444444444,9.855644444444444,1013.9920055555556,7.100588888888889,0.0795388888888889,227.03666666666663,0.0368944444444444,0.0912453749955555,0.0063980641127777,2016.0,6.0,14.966666666666669,24.0,11.3,29.5,False,False,False,False,False,False,True,True,False
2016-01-04 00:00:00,0.5965106296319443,0.1182763842563889,0.0270137653588888,0.1015745462958333,0.0710016898094444,0.0519248194422222,0.0135847175966666,0.1340350879622222,0.0263720416558333,0.0060873379733333,0.0402708657411111,67.93891111111111,0.546088888888889,9.937205555555556,1013.0581722222222,4.783672222222222,0.104,180.255,0.0046722222222222,0.0887481805583333,0.0054605543972222,2016.0,6.0,17.45,24.0,11.7,29.5,True,False,False,False,False,False,False,False,True
2016-01-04 01:00:00,0.4879270509183333,0.1215303703688888,0.0198337103772222,0.0878419583366666,0.0645076805583333,0.0427847314805555,0.0142562870377777,0.0828201805594444,0.0210976249916666,0.0074746296375,0.0078501805513888,69.89778333333334,0.5968777777777778,9.947438888888888,1020.8839833333332,5.110427777777778,0.0595,197.2761111111111,0.0,0.0887630509166666,0.0074051512905555,2016.0,6.0,19.966666666666665,24.683333333333337,11.3,29.5,False,True,False,False,False,False,False,True,False
2016-01-04 02:00:00,0.5124997916672223,0.1138297592508333,0.0210655393713888,0.1118050648063889,0.0721027731569444,0.0433789259363888,0.0142154259294444,0.0305175138877777,0.0169188564730555,0.0098181527944444,0.0326760046325,72.94402777777778,0.7095888888888889,9.420483333333332,1013.1346111111112,7.509238888888889,0.3470111111111111,214.97333333333333,0.1084277777777777,0.0936047870297222,0.0068148966241666,2016.0,6.0,22.45,25.0,11.7,29.5,False,False,False,False,True,False,False,False,True
2016-01-04 03:00:00,0.4513286527830555,0.1204992638672222,0.0162250324888888,0.0503947916688888,0.0683472963030555,0.0536208333316666,0.0146068194466666,0.0816513101919444,0.0195397360872222,0.0056242685230555,0.0165331111066666,70.22465555555556,0.6555222222222222,9.7767,1013.7890833333332,7.089938888888889,0.1809666666666666,255.15555555555557,0.0853888888888889,0.0927812685172222,0.0057579772977777,2016.0,6.0,24.966666666666665,25.0,11.3,29.5,False,False,True,False,False,False,False,True,False
2016-01-04 04:00:00,0.5940636435186111,0.0825393611263888,0.0155551893658333,0.0886747685166666,0.0859988009311111,0.0548722453663888,0.0139557361105555,0.034255384265,0.0200603425886111,0.0060271203722222,0.0164429398186111,69.52840555555555,0.5677166666666666,9.71665,1015.757061111111,6.5675,0.0859333333333333,239.99777777777777,0.0462111111111111,0.0931442314805555,0.006710873155,2016.0,6.0,27.45,25.883333333333333,11.7,29.5,False,True,False,False,False,False,False,False,True
2016-01-04 05:00:00,0.4754279722161111,0.1150364259447222,0.0354842489991666,0.0701611573966666,0.0739676620430555,0.0535809120419444,0.0135520740708333,0.0314899120388888,0.0101921898063888,0.0085225185188888,0.0372241990744444,76.76545555555556,0.6893666666666666,9.2785,1008.7997555555556,4.65695,0.1016222222222222,219.97277777777776,0.0681777777777777,0.0996040833341666,0.0067031752161111,2016.0,6.283333333333333,21.466666666666665,26.0,11.3,29.5,False,False,False,False,True,False,False,True,False
2016-01-04 06:00:00,0.5544720925936111,0.1094485833352777,0.0314983431047222,0.0747208796319444,0.0857873287072222,0.0489253657416666,0.0153666898158333,0.0414187268530555,0.0207797870297222,0.0080479722255555,0.0237742361116666,67.27993055555555,0.8302222222222223,8.392061111111111,1010.2174388888888,4.548277777777778,0.6227888888888888,88.4725,0.1348694444444444,0.0983563425958333,0.0081494717341666,2016.0,7.0,2.45,26.083333333333332,11.7,29.5,False,False,True,False,False,False,False,False,True
2016-01-04 07:00:00,0.5705258981475,0.1096447777338888,0.033216555315,0.0768785324016666,0.0745743333413888,0.0533496018505555,0.0144604583266666,0.0853148796252777,0.0370712268411111,0.0055887222241666,0.0207657962963888,68.95948055555556,0.7155861111111111,9.219211111111113,1016.639747222222,4.500116666666667,0.2353722222222222,249.3061111111111,0.0409888888888888,0.0994319722197222,0.0076711609966666,2016.0,7.0,4.966666666666667,27.0,11.3,29.5,False,False,False,False,False,True,False,True,False
2016-01-04 08:00:00,1.2550466065019443,0.0735374166772222,0.0308785693219444,0.0637958287055555,0.0794866759338888,0.0620238842599999,0.0139727546272222,0.0905847083372222,0.0120347546236111,0.0059093703658333,0.0208150601863888,76.71929722222221,0.7340722222222222,8.772125,1012.9308722222222,7.561166666666667,0.2297777777777778,198.87555555555556,0.0609583333333333,0.1752319629613889,0.0071542856194444,2016.0,7.0,7.45,27.0,11.7,29.5,True,False,False,False,False,False,False,False,True
2016-01-04 09:00:00,0.5448505740758334,0.0494262129752777,8.566212777777777e-06,0.078063555555,0.0753441944463888,0.0466383518419444,0.0133583148147222,0.0306505740736111,0.0150575740599999,0.00741094445,0.0091837685138888,75.28596111111112,0.6945749999999999,9.432725,1016.4805388888888,3.821527777777778,0.1441611111111111,216.4713888888889,0.02945,0.0947547361177777,0.0130324344325,2016.0,7.0,9.966666666666669,27.283333333333335,11.3,29.5,False,False,False,True,False,False,False,True,False
2016-01-04 10:00:00,0.9847161759177776,0.1074421111066666,0.0330455447705555,0.1017393842622222,0.0862462916691666,0.0588198148155555,0.0139962916652777,0.0302861296305555,0.0125485925847222,0.0153517777786111,0.0294004583341666,72.35903055555556,0.594775,9.884858333333332,1018.552525,7.116272222222222,0.1265777777777778,270.60333333333335,0.0330916666666666,0.1439811574044444,0.0079690482875,2016.0,7.0,12.45,28.0,11.7,29.5,False,False,False,False,False,True,False,False,True
2016-01-04 11:00:00,1.5861773009111113,0.0794241713297222,0.0378754770433333,0.1151696944480555,0.0743932175841666,0.0632515972222222,0.0139945277722222,0.0434686250008333,0.0092287638922222,0.0136884722327777,0.0279798796302777,75.97217222222223,0.6303694444444444,9.8822,1014.1978111111112,6.532977777777778,0.0869166666666666,238.98777777777775,0.0077583333333333,0.2271220555530555,0.0068435844544444,2016.0,7.0,14.966666666666669,28.0,11.3,29.5,True,False,False,False,False,False,False,True,False
2016-01-04 12:00:00,1.9700613842536112,0.0943482685391666,0.0447126545699999,0.1352814120425,0.0793339537108333,0.0592899120322222,0.0220988981458333,0.0500876666661111,0.0234251944341666,0.0142555648186111,0.0240757824141666,76.48767222222222,0.6314861111111111,9.777930555555557,1012.6345888888889,6.079783333333333,0.0823861111111111,249.0913888888889,0.0250166666666666,0.2567038842633333,0.0076491531283333,2016.0,7.0,17.45,28.483333333333334,11.7,29.5,False,True,False,False,False,False,False,False,True
2016-01-04 13:00:00,0.5358742222266667,0.1056145926055555,0.0178488293205555,0.1019614398111111,0.0732674027633333,0.0534506203694444,0.0133927777880555,0.0310044398125,0.01354692129,0.0202706342661111,0.0333646574105555,78.03055555555555,0.5896777777777779,9.917186111111112,1012.078475,5.250366666666666,0.1092583333333333,254.62472222222223,0.0,0.0993955648166666,0.0240498046297222,2016.0,7.0,19.966666666666665,29.0,11.3,29.5,False,False,False,False,False,False,True,True,False
2016-01-04 14:00:00,0.4308980787075,0.1132418842819444,0.0170499059816666,0.0540172129613888,0.0860066111102777,0.0692516805561111,0.0136235462977777,0.0366115787072222,0.0072886944275,0.0047705972272222,0.011570523175,73.49035555555555,0.7656833333333334,8.718966666666667,1014.4136861111112,3.8951611111111113,0.2482305555555555,117.14194444444443,0.2261111111111111,0.0892520694355555,0.0036126988438888,2016.0,7.0,22.45,29.0,11.7,29.5,True,False,False,False,False,False,False,False,True
2016-01-04 15:00:00,1.6692646342647224,0.0998140833347222,0.0333126963180555,0.0575828657447222,0.0834631203711111,0.0692220462930555,0.01337625463,0.0344744722208333,0.0166741666866666,0.02154170371,0.0261612592572222,68.90325555555556,0.8135527777777778,9.14186111111111,1019.3256861111112,3.864475,0.4549888888888889,48.935833333333335,0.1985388888888889,0.2419895046230555,0.0049622412325,2016.0,7.0,24.966666666666665,29.683333333333337,11.3,29.5,False,True,False,False,False,False,False,True,False
2016-01-04 16:00:00,2.2367101851905553,0.0988907870358333,0.0184461501594444,0.1183823240694444,0.0823311944436111,0.0803942499952777,0.0138415370422222,0.0311218564877777,0.0184747639097222,0.0095074537069444,0.0275374074094444,70.1055,0.674611111111111,9.236538888888887,1019.5250416666668,4.82165,0.0957138888888888,177.84527777777777,0.0,0.3006503055577778,0.0067033628363888,2016.0,7.0,27.45,30.0,11.7,29.5,False,False,False,False,True,False,False,False,True
2016-01-04 17:00:00,1.894572203698889,0.0673581805527777,0.0464432366838888,0.1158532870425,0.0835013055630555,0.1207041388911111,0.014478787035,0.1008323703694444,0.0182258703997222,0.0188827916722222,0.0258311897975,73.09389444444444,0.6880805555555556,9.691883333333331,1009.7233833333332,6.070116666666666,0.123375,241.26583333333335,0.0462333333333333,0.2533540231502778,0.0125487884369444,2016.0,7.0,29.966666666666665,30.0,11.3,29.5,False,False,True,False,False,False,False,True,False
2016-01-04 18:00:00,0.7150098055597222,0.0501562129694444,0.0299705183988888,0.0868057500105555,0.0738682546305555,0.0569847083316666,0.0135928796297222,0.0418076157405555,0.0172916666569444,0.0122748842530555,0.0444645370344444,73.85738333333333,0.6627194444444444,9.58150277777778,1020.4419083333332,5.6464,0.2058361111111111,218.20888888888888,0.1056083333333333,0.0960772175983333,0.0236844530097222,2016.0,7.883333333333334,5.066666666666666,30.883333333333333,11.7,29.5,False,True,False,False,False,False,False,False,True
2016-01-04 19:00:00,0.4882008101816666,0.1164207870394444,0.0150116472711111,0.0769067731486111,0.07571318518,0.0806821388872222,0.0136638796313888,0.0306260370452777,0.0106888657425,0.0198787546266666,0.0356480787080555,79.2624111111111,0.8117833333333333,8.598977777777778,1013.5805166666668,4.3606388888888885,0.1882,202.03083333333333,0.1286027777777778,0.0935588240627777,0.008639132775,2016.0,8.0,3.966666666666667,31.0,11.3,29.5,False,False,False,False,True,False,False,True,False
2016-01-04 20:00:00,1.4270042175969444,0.0988749999922222,0.0344710977988888,0.0978057638880555,0.0817212222238888,0.1490428472175,0.0150292824002777,0.0602084583388888,0.0143452222311111,0.0140616249966666,0.0150551157394444,77.68175,0.7389361111111111,9.792588888888888,1016.3497444444444,5.409127777777778,0.1496638888888888,225.42416666666668,0.1378722222222222,0.1847835416661111,0.0063151915133333,2016.0,8.0,6.45,31.083333333333332,11.7,29.5,False,False,True,False,False,False,False,False,True
2016-01-04 21:00:00,1.107050749998611,0.0967024768347222,0.0322411341080555,0.190416851845,0.0857720648127777,0.1269429444386111,0.0136098055547222,0.0310044861155555,0.0156833888866666,0.0170100555522222,0.0645633611133333,75.71066111111111,0.7143472222222222,9.865330555555555,1015.928936111111,6.855483333333334,0.1947583333333333,229.80638888888888,0.0511805555555555,0.1420705277772222,0.0244304193833333,2016.0,8.0,8.966666666666667,32.0,11.3,29.5,False,False,False,False,False,True,False,True,False
2016-01-04 22:00:00,2.402418407408889,0.0686093055633333,0.0328884475644444,0.1024838750041666,0.0932625972475,0.1019585555547222,0.0142659490736111,0.0656820833347222,0.0134371620486111,0.0162505787327777,0.0356596527863888,72.98872777777777,0.7393,9.645188888888889,1013.8248694444444,4.567880555555555,0.1630111111111111,181.17694444444444,0.0045527777777777,0.31297656018,0.0082268949611111,2016.0,8.0,11.45,32.0,11.7,29.5,True,False,False,False,False,False,False,False,True
2016-01-04 23:00:00,2.9770589953672224,0.0986104722161111,0.0396285169069444,0.0397053703725,0.1239007036963888,0.1506691851811111,0.0137144722147222,0.0318939166644444,0.0256102962902777,0.0116120694452777,0.1173511712963888,67.59533611111111,0.6976888888888888,9.565380555555556,1017.8783361111113,6.836833333333333,0.1549638888888889,260.96555555555557,0.1008583333333333,0.3745192731580555,0.0125327243947222,2016.0,8.0,13.966666666666669,32.28333333333333,11.3,29.5,False,False,False,True,False,False,False,True,False
2016-01-05 00:00:00,2.1796169259291664,0.0743007546372222,0.0323663708005555,0.1149434907455555,0.0827419999988888,0.1408423287047222,0.0139806342625,0.0301410324094444,0.0149053611275,0.0181593333391666,0.0403962129636111,73.94089722222222,0.7174444444444444,9.469755555555556,1018.4277166666666,6.368825,0.1241555555555555,214.82,0.0060166666666666,0.2925846898097222,0.0246904081269444,2016.0,8.0,16.45,33.0,11.7,29.5,False,False,False,False,False,True,False,False,True
2016-01-05 01:00:00,1.5152879768508334,0.1071475833291666,0.0419491474102777,0.1129518426,0.0749611851838888,0.0665263518563888,0.0135478194413888,0.0333403148044444,0.0099582962947222,0.0068249722280555,0.0319156666658333,73.22928055555555,0.6964416666666667,9.772158333333332,1021.2834972222222,5.234969444444444,0.088875,200.78805555555556,0.005225,0.2250658888788888,0.0097413836066666,2016.0,8.0,18.966666666666665,33.0,11.3,29.5,True,False,False,False,False,False,False,True,False
2016-01-05 02:00:00,1.087231967596111,0.0967126481269444,0.0460643074088888,0.1004403796213888,0.0900309213,0.0752261481461111,0.0146003472155555,0.0360973564841666,0.0216832870463888,0.0149143333319444,0.0306610972325,70.80279444444444,0.6832527777777778,9.924,1017.5104027777778,5.529197222222223,0.1082361111111111,223.30083333333337,0.0,0.1463507592661111,0.01056388684,2016.0,8.0,21.45,33.483333333333334,11.7,29.5,False,True,False,False,False,False,False,False,True
2016-01-05 03:00:00,0.5313727916625001,0.1166636666761111,0.03667985511,0.1108899027855555,0.0752316481355555,0.0698250787055555,0.0135465694455555,0.0359920694538888,0.0110221851825,0.0122591898230555,0.0316726342566666,66.567075,0.7159,9.778808333333332,1016.9145416666668,4.689825,0.1363333333333333,136.25333333333333,0.0381583333333333,0.0921922268497222,0.0074910475916666,2016.0,8.0,23.966666666666665,34.0,11.3,29.5,False,False,False,False,False,False,True,True,False
2016-01-05 04:00:00,0.7425812916619444,0.0969727129572222,0.0183000724927777,0.0651851250044444,0.0885020694486111,0.0929990231461111,0.0130787175891666,0.0304498379625,0.0064042777805555,0.0056918842586111,0.0203476990805555,65.40301388888889,0.65935,9.737772222222222,1022.3535444444444,8.03733888888889,0.0513388888888888,29.449444444444445,0.0002527777777777,0.1251352222261111,0.0043563479936111,2016.0,8.0,26.45,34.0,11.7,29.5,True,False,False,False,False,False,False,False,True
2016-01-05 05:00:00,1.7149283518519445,0.1127424351519444,0.0169698306666666,0.0824863379638888,0.0676709583238888,0.0867973611069444,0.0133837638880555,0.0306062870405555,0.0135288472308333,0.0176257222291666,0.0151665185141666,72.66868611111111,0.7839833333333334,9.182411111111112,1015.3207638888888,6.756308333333333,0.2588833333333333,81.73833333333333,0.048725,0.2897990462966666,0.0059242331327777,2016.0,8.0,28.966666666666665,34.68333333333333,11.3,29.5,False,True,False,False,False,False,False,True,False
2016-01-05 06:00:00,0.7057381157405556,0.0612531342797222,0.0160410179736111,0.1264296111091666,0.0758257037041666,0.0656428101911111,0.0137238009275,0.0307257314761111,0.0101251203688888,0.0056395509313888,0.0268107407441666,75.80510277777778,0.7683694444444444,9.074208333333331,1013.0739722222222,6.105011111111112,0.2348722222222222,205.6186111111111,0.0666055555555555,0.1053151805341666,0.0094300455608333,2016.0,8.483333333333333,16.466666666666665,35.0,11.7,29.5,False,False,False,False,True,False,False,False,True
2016-01-05 07:00:00,0.6744329305505555,0.1011233981436111,0.0331267717880555,0.0891318842552777,0.0799921481541666,0.0719095416672222,0.0144001388902777,0.103742097225,0.0111925648241666,0.005924634265,0.0289737175925,64.56045555555556,0.6628027777777779,9.653472222222222,1021.0575222222222,5.727283333333333,0.0459333333333333,228.06555555555556,0.0,0.0966116296230555,0.0246690002208333,2016.0,9.0,2.966666666666667,35.0,11.3,29.5,False,False,True,False,False,False,False,True,False
2016-01-05 08:00:00,0.6897406388880556,0.0842761064938888,0.0495063639686111,0.0857666805466666,0.0748238981486111,0.0834895277719444,0.0137346527730555,0.08912264815,0.0188229259283333,0.0106628148155555,0.0272273055627777,62.81823611111111,0.663838888888889,9.69831111111111,1022.9334722222222,5.469336111111112,0.0997694444444444,188.15722222222223,0.00665,0.092885629635,0.007484025945,2016.0,9.0,5.45,35.88333333333333,11.7,29.5,False,True,False,False,False,False,False,False,True
2016-01-05 09:00:00,0.9132957037127778,0.073792699085,0.0149314745855555,0.0839161620419444,0.0831291111113888,0.0808841898169444,0.0138441527744444,0.0517007314752777,0.0120699490863888,0.0139791018652777,0.0273376064922222,67.07043888888889,0.8075722222222222,9.199822222222222,1019.5013916666668,6.299430555555555,0.2201277777777777,174.70638888888888,0.1234277777777777,0.1266116944480555,0.0260733203766666,2016.0,9.0,7.966666666666667,36.0,11.3,29.5,False,False,False,False,True,False,False,True,False
2016-01-05 10:00:00,1.5965609074102778,0.0786587037269444,0.0456335946152777,0.0681653240727777,0.0908529027747222,0.0750791759213889,0.0139436481638888,0.1385153842588888,0.0105964397861111,0.0128147546158333,0.0450155277758333,68.54503611111112,0.8140027777777777,7.847755555555555,1019.8904555555556,3.1549805555555555,0.1518305555555555,199.41222222222223,0.0431388888888888,0.1881800925880555,0.0087745339552777,2016.0,9.0,10.45,36.083333333333336,11.7,29.5,False,False,True,False,False,False,False,False,True
2016-01-05 11:00:00,0.6254473981474999,0.1141162870786111,0.0329291093052777,0.0779989953591666,0.0816560370469444,0.0737973194458333,0.0190954398177777,0.0345027175966666,0.0176863842597222,0.0186117176072222,0.0453057037027777,63.70638888888889,0.6921361111111112,9.750763888888889,1018.8499722222222,5.551472222222222,0.1355388888888888,185.98305555555555,0.0438583333333333,0.1013001527788888,0.0100926147811111,2016.0,9.0,12.966666666666669,37.0,11.3,29.5,False,False,False,False,False,True,False,True,False
2016-01-05 12:00:00,0.4943001111161111,0.1100334073980555,0.0307965264249999,0.0532323009222222,0.0731125925944444,0.0737296435244444,0.0134255879672222,0.07007976851,0.0078132268616666,0.0055456805727777,0.0152694861133333,52.84804722222222,0.6993111111111111,9.188605555555556,1020.014975,5.204025,0.1523944444444444,227.42805555555557,0.0637638888888889,0.0912650694352777,0.0046839617291666,2016.0,9.0,15.45,37.0,11.7,29.5,True,False,False,False,False,False,False,False,True
2016-01-05 13:00:00,0.4842692222277778,0.0521381064802777,0.0001760997236111,0.0515952638894444,0.0602422453666666,0.0703274166613888,0.0129297963013888,0.0316236666769444,0.0095909907363888,0.0049084583452777,0.0101684861088888,58.54250833333333,0.7447527777777778,9.597769444444443,1023.0684138888888,6.921463888888889,0.2695805555555555,75.67055555555555,0.0003611111111111,0.0928171666791666,0.0040181532841666,2016.0,9.0,17.966666666666665,37.28333333333333,11.3,29.5,False,False,False,True,False,False,False,True,False
2016-01-05 14:00:00,0.6096703101830556,0.0753393518536111,0.0323929941247222,0.0968939814838888,0.0842273472191666,0.0626553564808333,0.0135881157469444,0.0327739027769444,0.0120661388825,0.0187595138816666,0.0322180694369444,53.34336944444445,0.854425,7.950147222222222,1025.890611111111,7.8827694444444445,0.7314222222222222,29.965,0.127775,0.0946315694552777,0.0085477431205555,2016.0,9.0,20.45,38.0,11.7,29.5,False,False,False,False,False,True,False,False,True
2016-01-05 15:00:00,0.664115189816389,0.0751868379738888,0.0524055287716666,0.0679704675980555,0.0734588287122222,0.0544408657341666,0.0141620277780555,0.0321863333425,0.0149979815036111,0.0088976018519444,0.029552935185,58.00891666666667,0.8410555555555556,9.362144444444445,1021.7127361111112,3.59625,0.4877388888888889,108.80916666666668,0.0262833333333333,0.1036472731444444,0.0074467389805555,2016.0,9.0,22.966666666666665,38.0,11.3,29.5,True,False,False,False,False,False,False,True,False
2016-01-05 16:00:00,0.9463399537127778,0.0976722731377777,0.0484859685716666,0.1047896157466666,0.0706227963055555,0.0340131250005555,0.0161612546336111,0.0901398009244444,0.0293187222422222,0.0132460648116666,0.0779719675955555,55.34446666666666,0.7546305555555556,8.329583333333334,1026.3337194444446,3.4475694444444445,0.0661777777777777,155.58666666666667,0.0,0.1227620509274999,0.01723120903,2016.0,9.0,25.45,38.483333333333334,11.7,29.5,False,True,False,False,False,False,False,False,True
2016-01-05 17:00:00,0.5434067222205555,0.0565783981180555,0.0181728089833333,0.0814047083325,0.0604033749913888,0.0376137870355555,0.0140694861152777,0.0327615879636111,0.0093532361344444,0.0134463425916666,0.0358069074102777,53.390147222222225,0.8074305555555555,8.560433333333334,1018.9570694444444,6.529130555555556,0.3215805555555556,221.77416666666667,0.1273,0.0949883750005555,0.0210442800805555,2016.0,9.0,27.966666666666665,39.0,11.3,29.5,False,False,False,False,False,False,True,True,False
2016-01-05 18:00:00,0.6632748240699999,0.0352003703805555,0.0331057551602777,0.1132332685144444,0.0553249907372222,0.0353280787055555,0.0138430555483333,0.0681085092522222,0.0146515972536111,0.0090076157480555,0.0328497222205555,49.05316388888888,0.7028,9.796180555555557,1027.8193583333334,4.558997222222222,0.0526777777777777,203.56472222222223,0.0,0.1174080787088888,0.0085288413291666,2016.0,9.483333333333333,15.95,39.0,11.7,29.5,True,False,False,False,False,False,False,False,True
2016-01-05 19:00:00,0.8041093981491666,0.0394969722138888,0.0484831857988888,0.1009341481408333,0.0686108796338888,0.0329714212925,0.0137896203672222,0.0590720601788888,0.0226886296597222,0.02274347222,0.0438569166627777,49.52393055555555,0.7005027777777778,9.709502777777775,1024.8758833333334,5.8680972222222225,0.0812666666666666,199.30638888888888,0.015675,0.1093852037063888,0.0094234523775,2016.0,10.0,2.966666666666667,39.68333333333333,11.3,29.5,False,True,False,False,False,False,False,True,False
2016-01-05 20:00:00,0.6085626851833333,0.07587283336,0.0380806102847222,0.1396435833408333,0.0636273333433333,0.0328068194519444,0.0136689259186111,0.0398600462947222,0.0091309768616666,0.0111864027683333,0.0321171990752777,57.58336111111111,0.8217138888888889,8.564205555555555,1016.5767694444444,3.980166666666667,0.1651611111111111,185.37416666666667,0.019475,0.0914742176,0.0085593804911111,2016.0,10.0,5.45,40.0,11.7,29.5,False,False,False,False,True,False,False,False,True
2016-01-05 21:00:00,0.4070432268583333,0.0494730416747222,3.1902733055555555e-05,0.0449186296302777,0.0570502083338888,0.0320471990747222,0.0133479305536111,0.0383538564769444,0.0069454167,0.0042816851911111,0.0134534166644444,63.89824166666667,0.7204944444444445,9.452666666666666,1015.9406083333332,6.719602777777777,0.1489777777777778,163.35083333333333,0.0164416666666666,0.0905211944305555,0.0047899239025,2016.0,10.0,7.966666666666667,40.0,11.3,29.5,False,False,True,False,False,False,False,True,False
2016-01-05 22:00:00,0.7358348518483333,0.0711389722505555,0.0326816089658333,0.081095407415,0.06099192593,0.0296111944411111,0.0137551713016666,0.0392361018638888,0.0293068426127777,0.0228114490727777,0.0441084953719444,53.62688055555555,0.809111111111111,7.953544444444444,1001.0976333333332,8.391952777777778,0.4645111111111111,233.98611111111111,0.3038666666666667,0.1440138240816666,0.00942030834,2016.0,10.0,10.45,40.88333333333333,11.7,29.5,False,True,False,False,False,False,False,False,True
2016-01-05 23:00:00,0.5408391342594444,0.0692976944233333,0.0379952255636111,0.0808385648177777,0.0540963148216666,0.0265277731433333,0.0136045555519444,0.0321070787072222,0.0135196064958333,0.0228171759163888,0.0319731388933333,44.35627777777778,0.5761472222222223,9.96295,1016.5885388888888,9.735594444444445,0.1615666666666666,280.6147222222222,0.010925,0.1176026666736111,0.0100252629761111,2016.0,10.0,12.966666666666669,41.0,11.3,29.5,False,False,False,False,True,False,False,True,False
2016-01-06 00:00:00,0.7815440231427778,0.0707334351625,0.0351970819238888,0.0813115185252777,0.0726580370386111,0.0275311898161111,0.0145050925880555,0.1348696620363889,0.0201333426072222,0.0239526111138888,0.0340321296413888,37.511675,0.7429833333333332,8.420783333333333,1024.9893861111111,7.650352777777778,0.4956166666666666,204.21277777777777,0.2067833333333333,0.1294101713041666,0.0094048125502777,2016.0,10.0,15.45,41.083333333333336,11.7,29.5,False,False,True,False,False,False,False,False,True
2016-01-06 01:00:00,0.7078058472250001,0.05229915279,0.0370001106536111,0.1046991342511111,0.0689832222344444,0.0379759305522222,0.0141971064783333,0.0903326388886111,0.0144208194908333,0.0069307315,0.0395402546375,47.695277777777775,0.7548472222222222,9.817758333333334,1015.0864,6.537575,0.1974472222222222,269.5697222222222,0.0551,0.0892264490686111,0.0275029976872222,2016.0,10.0,17.966666666666665,42.0,11.3,29.5,False,False,False,False,False,True,False,True,False
2016-01-06 02:00:00,0.6146982638775,0.0341146851927777,0.0167907918563888,0.1228911296283333,0.0701208101861111,0.0376362824086111,0.0158711759283333,0.0540034120372222,0.0105938704027777,0.0144468194266666,0.0364896759247222,46.536516666666664,0.7568555555555555,9.749016666666666,1024.1906666666666,4.8478666666666665,0.1282027777777777,176.00555555555556,0.0,0.0878328101975,0.008728772375,2016.0,10.0,20.45,42.0,11.7,29.5,True,False,False,False,False,False,False,False,True
2016-01-06 03:00:00,0.7493755833288889,0.0530154259480555,0.0504896522872222,0.0801600925963888,0.0655452037,0.0273177083366666,0.0170045185147222,0.0445526712933333,0.0187214814972222,0.0158898517588888,0.0444154121472222,48.487702777777784,0.7143833333333334,9.470572222222222,1017.5925277777778,6.442708333333333,0.2049444444444444,268.73333333333335,0.0134583333333333,0.2122567824047222,0.0096672332494444,2016.0,10.0,22.966666666666665,42.28333333333333,11.3,29.5,False,False,False,True,False,False,False,True,False
2016-01-06 04:00:00,0.8904052870355555,0.0728800648138889,0.0371052372188888,0.0976116759244444,0.0526350509344444,0.0253047268522222,0.0155573240708333,0.0983043981525,0.0105080092366666,0.0145924861038888,0.0392852962972222,39.22236111111111,0.7119000000000001,9.776419444444445,1025.7669611111112,6.240577777777778,0.1194861111111111,215.0847222222222,0.0131416666666666,0.2556479629641666,0.0237542738611111,2016.0,10.0,25.45,43.0,11.7,29.5,False,False,False,False,False,True,False,False,True
2016-01-06 05:00:00,0.63831672222,0.0215224583305555,0.0203521216,0.04198667129,0.0541526805488888,0.0182019027816666,0.0146024537019444,0.0617796759261111,0.0049748287102777,0.0054927777825,0.0097930185155555,44.37275277777778,0.685775,9.703758333333331,1012.4582138888888,5.490922222222222,0.2369777777777778,278.6191666666667,0.0077583333333333,0.276135481485,0.0029822914111111,2016.0,10.0,27.966666666666665,43.0,11.3,29.5,True,False,False,False,False,False,False,True,False
2016-01-06 06:00:00,0.6616704814841666,0.0500709305830555,0.0170996875758333,0.0805923518491666,0.0521373703769444,0.0263800370391666,0.0146069398047222,0.0357457962955555,0.0122573333272222,0.0092378796341666,0.0231468287033333,41.74990555555556,0.5133916666666667,9.998416666666667,1015.7029638888888,9.222211111111111,0.1209888888888889,275.0155555555556,0.0001583333333333,0.1660269166697222,0.0078980582336111,2016.0,10.083333333333334,27.866666666666667,43.483333333333334,11.7,29.5,False,True,False,False,False,False,False,False,True
2016-01-06 07:00:00,0.6213014768641666,0.0598769259497222,0.0175889642230555,0.0821518981436111,0.0550139351713888,0.0247962962952777,0.0135862407419444,0.0352086944477777,0.0126834305666666,0.0249705786986111,0.0444394907425,43.17821944444445,0.6929222222222222,8.751469444444444,1012.9779,5.012683333333333,0.4067527777777777,171.00277777777777,0.1424805555555555,0.1601713703677778,0.0071377655463888,2016.0,11.0,1.9666666666666663,44.0,11.3,29.5,False,False,False,False,False,False,True,True,False
2016-01-06 08:00:00,0.7810786203683333,0.0416027500455555,0.0387156040905555,0.0774442222180555,0.0561958101922222,0.0251228518525,0.0146160601830555,0.1171053935133333,0.0148030138911111,0.0061554768666666,0.0380462685202777,45.415419444444446,0.7618666666666666,9.031375,1014.4782638888888,6.173147222222222,0.0893138888888888,275.07944444444445,0.0003361111111111,0.1816129351888888,0.0098556234777777,2016.0,11.0,4.45,44.0,11.7,29.5,True,False,False,False,False,False,False,False,True
2016-01-06 09:00:00,0.8864905185125,0.06378525461,0.0334833226683333,0.0526915231508333,0.0558449722269444,0.0236601666661111,0.0134061944416666,0.036942305555,0.0220425185288888,0.0112303657274999,0.0350824768611111,38.57411111111111,0.7637611111111111,8.095894444444445,1002.5719527777776,8.853586111111111,0.5100694444444445,212.91,0.0918333333333333,0.2086855972194444,0.0287859021386111,2016.0,11.0,6.966666666666667,44.68333333333333,11.3,29.5,False,True,False,False,False,False,False,True,False
2016-01-06 10:00:00,0.7052389814925,0.0483873703636111,0.0378063712677777,0.0593238333394444,0.0555016666627777,0.0278377870402777,0.0136948518516666,0.0664920879622222,0.0094571435330555,0.009401439805,0.0699018055580555,31.734544444444445,0.6174444444444445,9.89423611111111,1017.3513833333332,10.997544444444443,0.2179388888888889,280.1952777777778,0.0,0.1802764907441666,0.0058321602836111,2016.0,11.0,9.45,45.0,11.7,29.5,False,False,False,False,True,False,False,False,True
2016-01-06 11:00:00,0.8621934814880555,0.0886652638938888,0.0362035227216666,0.0877072592580555,0.0493525555519444,0.0317553518505555,0.0140943194461111,0.0466401805569444,0.0220648981444444,0.0166564398027777,0.0706883055505555,38.15412222222222,0.8825055555555555,5.890433333333334,1022.7874,3.139925,0.5997388888888888,161.88916666666665,0.0424333333333333,0.2705271018630555,0.0243903173605555,2016.0,11.0,11.966666666666669,45.0,11.3,29.5,False,False,True,False,False,False,False,True,False
2016-01-06 12:00:00,0.8064694861055556,0.0574567963227777,0.0353955149177777,0.0948794074066666,0.0640171527872222,0.0336939166616666,0.015618527775,0.0414973611086111,0.0179071759427777,0.0163544444469444,0.0574998888922222,33.830974999999995,0.8147833333333333,9.715566666666668,1019.4742833333332,4.474861111111111,0.1904888888888888,249.1375,0.0199972222222222,0.1918510555588889,0.0098211042461111,2016.0,11.0,14.45,45.88333333333333,11.7,29.5,False,True,False,False,False,False,False,False,True
2016-01-06 13:00:00,0.6637382175847222,0.0567701018555555,0.0200503518847222,0.0650275277794444,0.0511572916780555,0.0362759953725,0.0139934722261111,0.0363348101824999,0.0124451435266666,0.0064265925858333,0.03781911111,46.06349166666667,0.8674472222222223,6.483825,1008.1554722222224,5.70543888888889,0.5654944444444444,193.32333333333332,0.2835277777777777,0.2049449583213888,0.0083942625980555,2016.0,11.0,16.966666666666665,46.0,11.3,29.5,False,False,False,False,True,False,False,True,False
2016-01-06 14:00:00,0.8074809166641667,0.0581139722269444,0.0377158794366666,0.068483986105,0.0631680138941666,0.0493509259263888,0.0147393472191666,0.045932060185,0.0207064722275,0.0075204398072222,0.0347940555608333,37.85639166666667,0.6017666666666667,9.990658333333334,1014.714447222222,9.850341666666669,0.2312083333333333,291.31555555555553,0.0,0.2298052129580555,0.0090261872605555,2016.0,11.0,19.45,46.083333333333336,11.7,29.5,False,False,True,False,False,False,False,False,True
2016-01-06 15:00:00,0.9830903518491666,0.0637227916822222,0.0353592155972222,0.0889958981449999,0.0523028888761111,0.0179782731474999,0.0140337499924999,0.0344071805613888,0.0232263518480555,0.0148116296280555,0.0542352962955555,32.98789166666667,0.8212083333333333,8.00786388888889,1017.3336416666666,3.756419444444445,0.3253055555555555,137.2486111111111,0.0872416666666666,0.4593127546288889,0.0309797745708333,2016.0,11.0,21.966666666666665,47.0,11.3,29.5,False,False,False,False,False,True,False,True,False
2016-01-06 16:00:00,1.2511156296297223,0.0276783379725,0.0475349352347222,0.1147921851769444,0.0634078703691666,0.0265594120405555,0.0148726203736111,0.0333416851852777,0.0310188148177777,0.0157035231369444,0.0663773194480555,32.270294444444446,0.7095638888888889,8.182002777777777,1015.0965583333332,7.645416666666667,0.2681472222222222,256.1686111111111,0.0,0.3313921759272222,0.0118825810119444,2016.0,11.0,24.45,47.0,11.7,29.5,True,False,False,False,False,False,False,False,True
2016-01-06 17:00:00,0.8351970879697221,0.0391869166630555,0.0390329817330555,0.0795670000011111,0.0443051851888888,0.0206420277738888,0.014275787035,0.1366876851844444,0.0074707777638888,0.0040855648075,0.0186358796311111,24.35536666666667,0.724211111111111,8.074191666666668,1025.2713722222222,5.122108333333333,0.1992194444444444,225.2525,0.0978499999999999,0.3528402361158333,0.0063411681452777,2016.0,11.0,26.966666666666665,47.28333333333333,11.3,29.5,False,False,False,True,False,False,False,True,False
2016-01-06 18:00:00,0.8772092407483333,0.0209192778052777,0.0197467258966666,0.1282796527755555,0.0567405324133333,0.0286489583313888,0.0139881481463888,0.0340493333355555,0.0172512824077777,0.0168901481422222,0.0637779629586111,31.615827777777778,0.6575972222222222,9.595544444444444,1014.070222222222,6.917122222222222,0.1657222222222222,243.08555555555552,0.0006333333333333,0.2526230509205555,0.0074789266261111,2016.0,11.083333333333334,26.95,48.0,11.7,29.5,False,False,False,False,False,True,False,False,True
2016-01-06 19:00:00,0.7421478009188889,0.0343979722174999,0.0397831805633333,0.0822337777836111,0.0463115324194444,0.0205674675836111,0.0134938981522222,0.0417744490744444,0.0091648749858333,0.0123890138830555,0.0368345324077777,17.084744444444446,0.6110388888888888,8.050258333333334,1019.5723277777778,8.619825,0.3196277777777778,216.2288888888889,0.1070277777777777,0.3041690972297222,0.0067007751861111,2016.0,12.0,1.9666666666666663,48.0,11.3,29.5,True,False,False,False,False,False,False,True,False
2016-01-06 20:00:00,1.0773930879691669,0.0406629027463888,0.0356989561541666,0.1152449861058333,0.0614254629780555,0.0219572499894444,0.0141573240786111,0.0355124999994444,0.0257829537019444,0.0162061990758333,0.0518352361133333,23.39977222222222,0.6753527777777778,8.418030555555555,1027.8012583333332,7.345911111111111,0.3120055555555555,215.33638888888888,0.0976138888888888,0.3585189490725,0.0210566451875,2016.0,12.0,4.45,48.483333333333334,11.7,29.5,False,True,False,False,False,False,False,False,True
2016-01-06 21:00:00,0.7975991990747222,0.0259686203811111,0.0262741490772222,0.0957829027736111,0.0458638425908333,0.0202503657377777,0.0142597453747222,0.0349467962977777,0.0129828518491666,0.0047926435138888,0.0409542222216666,28.462333333333333,0.6788861111111111,9.553816666666666,1020.0452972222222,5.244291666666667,0.1902361111111111,230.2061111111111,0.0048333333333333,0.3541855740655555,0.0090324971947222,2016.0,12.0,6.966666666666667,49.0,11.3,29.5,False,False,False,False,False,False,True,True,False
2016-01-06 22:00:00,1.018265865737778,0.0616481342391666,0.0520661937183333,0.0880831388925,0.0586805416680555,0.0287047407477777,0.0134816157344444,0.0330129907419444,0.0157835694447222,0.0127161157369444,0.0527693240758333,36.106630555555554,0.6901027777777777,9.290033333333334,1025.4968972222223,7.832447222222223,0.2120888888888888,233.53277777777777,0.0620666666666666,0.4769855601736111,0.0099903429408333,2016.0,12.0,9.45,49.0,11.7,29.5,True,False,False,False,False,False,False,False,True
2016-01-06 23:00:00,1.0138773101886112,0.0318490555688888,0.0196299811394444,0.0414282407463888,0.0514514537047222,0.0285774166647222,0.0144747361141666,0.0327648750036111,0.0149803703669444,0.0039169073938888,0.0735385694416666,35.21923611111111,0.6829111111111111,9.212716666666669,1022.6494583333332,8.309244444444444,0.3326527777777777,188.9777777777778,0.01425,0.4193414490891666,0.0078394234219444,2016.0,12.0,11.966666666666669,49.68333333333333,11.3,29.5,False,True,False,False,False,False,False,True,False
2016-01-07 00:00:00,0.8675747150917378,0.0368265526968661,0.0208637699290598,0.0415816096931623,0.0465823551786324,0.0245986039945868,0.0137919753139601,0.0328583000988604,0.0100965906723646,0.0142057407358974,0.0386130246843304,32.10088603988604,0.7437321937321937,8.370179487179486,1008.3335185185184,7.738612535612536,0.2924615384615384,225.83760683760684,0.121017094017094,0.4592565147242165,0.003460248505698,2016.0,12.0,14.41025641025641,50.0,11.905982905982906,29.371794871794872,False,False,False,False,True,False,False,False,True
