time,use_house_overall,generated_solar,dishwasher,homeoffice,fridge,winecellar,garagedoor,barn,well,microwave,livingroom,temperature,humidity,visibility,pressure,windspeed,cloudcover,windbearing,precipprobability,furnace,kitchen,year,month,day,weekofyear,hour,minute,weekday,timing
2016-01-01 05:00:00,1.1872757962944445,0.038035379610833336,0.05508668799805555,0.09181489814277777,0.06646410185166667,0.019765925928333334,0.013373004632222223,0.09704880092694444,0.022192773211388888,0.008845916663333333,0.048254722218611115,33.01033888888889,0.6097277777777778,9.905266666666666,1013.3239666666667,7.733644444444444,0.3555277777777778,250.48666666666668,0.0006444444444444444,0.4450689768588889,0.01177014886361111,2016.0,1.0,1.0,53.0,5,29.5,Friday,Morning
2016-01-01 06:00:00,1.1196945648136112,0.08024053704777777,0.04492904620194445,0.1314195972236111,0.0524067453775,0.019161884250555556,0.013600777778333333,0.05284657868861111,0.022645574116944445,0.0141169074125,0.04314409259416667,18.775005555555556,0.5840222222222222,9.916805555555555,1024.1611611111111,8.287394444444445,0.08978333333333334,293.82722222222225,0.0,0.4890057222197222,0.010039440791944444,2016.0,1.0,1.0,53.0,6,29.5,Friday,Morning
2016-01-01 07:00:00,0.9534787268611111,0.0745600925925,0.036511902343055555,0.1004711157475,0.06645153240722222,0.017028375000833335,0.013425203700833332,0.06569333333277778,0.011259986180555554,0.011653263903333334,0.05029087500611112,24.236133333333335,0.6147055555555556,9.929494444444444,1027.5027666666667,3.83815,0.037122222222222216,131.14277777777778,0.0,0.4297684583313889,0.010144907855555555,2016.0,1.0,1.0,53.0,7,29.5,Friday,Morning
2016-01-01 08:00:00,1.0803229953830555,0.013110129639722221,0.030701214137500002,0.09720187962666667,0.05751654630111111,0.021887268525277778,0.014500393517500001,0.09953645370583332,0.016838717651111113,0.007534925927777778,0.057833902781944446,39.9569,0.7849444444444444,8.501144444444444,1012.8715611111112,6.648811111111112,0.4887944444444445,116.13888888888889,0.14741666666666667,0.3448753842652778,0.011164092975277777,2016.0,1.0,1.0,53.0,8,29.5,Friday,Morning
2016-01-01 09:00:00,1.0648342546252778,0.04661462500527778,0.04240594221444444,0.09908188426472223,0.05782006481722222,0.015738185191944445,0.01337365740361111,0.034658805549166664,0.017822027827222222,0.009481888884444444,0.058562282414444444,24.46368888888889,0.5628777777777777,9.119566666666667,1010.9602666666667,9.551461111111111,0.16542222222222222,241.29444444444445,0.014661111111111111,0.5093273055494444,0.009193566166111111,2016.0,1.0,1.0,53.0,9,29.5,Friday,Morning
2016-01-01 10:00:00,0.9294201944455555,0.06564759721861112,0.029307109667777775,0.09983637037000001,0.044690583329166665,0.017458277775277777,0.013834365744722221,0.035565134263055555,0.011982837955,0.007528638902777778,0.027013828695555558,28.374861111111112,0.7125499999999999,9.075933333333333,1009.6983833333334,4.522333333333333,0.3341944444444444,153.1461111111111,0.08046666666666667,0.4781966851877778,0.010212398803888889,2016.0,1.0,1.0,53.0,10,29.5,Friday,Morning
2016-01-01 11:00:00,1.1550075925941665,0.028671717605277775,0.045200248605555556,0.09901258795972222,0.06151724073361111,0.02113297685388889,0.013962694448888887,0.07283694445083333,0.019237953698055553,0.010712398151111111,0.06882511573833333,28.35647777777778,0.6415000000000001,9.244666666666667,1006.3090444444445,9.215438888888889,0.2665444444444445,257.4327777777778,0.007661111111111111,0.43558724073666666,0.010021351716944444,2016.0,1.0,1.0,53.0,11,29.5,Friday,Morning
2016-01-01 12:00:00,1.2207017361077779,0.0802105601738889,0.01872876535027778,0.10866273148861111,0.048959171291944444,0.01889156944416667,0.01321148148138889,0.0670853888875,0.018486597345,0.007300949079166666,0.03632027301,22.00583333333333,0.52045,9.885105555555555,1016.3626944444445,12.267061111111111,0.07618333333333333,300.81166666666667,0.0,0.6419616712855556,0.0102044361825,2016.0,1.0,1.0,53.0,12,29.5,Friday,Afternoon
2016-01-01 13:00:00,0.9316756249888889,0.076077898135,0.020251212050833335,0.06371365277638888,0.042600976854444444,0.017022263884722222,0.013646870375555556,0.08402968519138888,0.012538138892777778,0.005267986131666667,0.02177002314722222,22.17765,0.5175277777777778,9.493611111111111,1017.6796444444445,10.2987,0.06429444444444445,127.01222222222222,0.007894444444444444,0.5263153796375,0.009686366525,2016.0,1.0,1.0,53.0,13,29.5,Friday,Afternoon
2016-01-01 14:00:00,1.1168336342605556,0.07899331020138889,0.06950631408777778,0.07385019907555557,0.061364703708333336,0.018480305553055555,0.013829300928611113,0.09684319445166667,0.026374754621666663,0.015367976876666667,0.03960931018666666,29.831244444444444,0.5804444444444444,9.889011111111111,1018.5628222222223,6.190449999999999,0.08043888888888888,239.90777777777777,0.0001611111111111111,0.4478003749963889,0.012839718666666666,2016.0,1.0,1.0,53.0,14,29.5,Friday,Afternoon
2016-01-01 15:00:00,0.8530299953666667,0.056582092586944445,0.019359643822777776,0.07551908795138888,0.04667711574055555,0.01871042129722222,0.013330439810277777,0.07408465740444445,0.013337777787777777,0.007995000018333333,0.03824816666111111,32.89972777777778,0.6450611111111111,9.883655555555556,1011.5553611111111,6.693327777777777,0.13656666666666667,237.41944444444445,0.0,0.3763476620383333,0.010101668586944444,2016.0,1.0,1.0,53.0,15,29.5,Friday,Afternoon
2016-01-01 16:00:00,0.8926000648266667,0.061717851873055556,0.01944040262222222,0.06957237961888889,0.049706490735,0.02162955092277778,0.013597351844722222,0.10340906480833334,0.012888870366944444,0.007771921316388888,0.028880685187499998,35.309444444444445,0.5854111111111111,9.771627777777779,1009.9600611111111,7.851838888888889,0.12975,231.93555555555557,0.0009666666666666667,0.4103103472236111,0.008033616058611111,2016.0,1.0,1.0,53.0,16,29.5,Friday,Afternoon
2016-01-01 17:00:00,0.9843156203783333,0.05610253241305555,0.06810506448361112,0.06338181944083333,0.061464305549999994,0.022408314823611112,0.013875699070833332,0.06328505555638889,0.022508583331666665,0.010217032411666667,0.043577259265,38.71188333333333,0.6703444444444444,9.460177777777778,1018.517061111111,5.847155555555555,0.18200000000000002,230.36833333333334,0.0736,0.2921253935097222,0.012987557020555556,2016.0,1.0,1.0,53.0,17,29.5,Friday,Evening
2016-01-01 18:00:00,0.700293819448611,0.040915694443611116,0.016166949656944443,0.07311119907027779,0.049117004628888884,0.01974252778222222,0.014303740746388889,0.08329717592472223,0.010823199074444444,0.007365972236944444,0.02420008333527778,40.135577777777776,0.7099444444444445,8.4756,1017.0635722222222,8.750594444444443,0.3810833333333334,278.0061111111111,0.13600555555555555,0.2561918009208333,0.005048405768888889,2016.0,1.0,1.0,53.0,18,29.5,Friday,Evening
2016-01-01 19:00:00,0.8029740231505555,0.062654268545,0.0200727173775,0.05953428703611111,0.045229907414166666,0.017429435180555557,0.013461587958888889,0.05502560649,0.013495874994999999,0.006786833331666667,0.015397185187777778,28.993016666666666,0.65615,8.591411111111112,1019.0865055555555,6.751811111111111,0.1201,127.18166666666667,0.023516666666666665,0.4075091527688889,0.007765014641944444,2016.0,1.0,1.0,53.0,19,29.5,Friday,Evening
2016-01-01 20:00:00,1.175519027771389,0.05551538424972222,0.05128414368833333,0.08456042592583334,0.058245499993611116,0.023540425933611112,0.013477236112222223,0.1023586990711111,0.0212000833125,0.011130199083055556,0.05400208332472222,24.59666111111111,0.7667111111111111,7.5519944444444445,1004.2530666666667,4.369644444444444,0.2619277777777778,169.67888888888888,0.07234444444444445,0.3933983425988889,0.029951749987499998,2016.0,1.0,1.0,53.0,20,29.5,Friday,Evening
2016-01-01 21:00:00,1.0860868333286111,0.031243185173333334,0.021081259116944445,0.06274811574444444,0.05492892592694444,0.021238097224722224,0.013826055560000002,0.037162425929444444,0.012888675916944444,0.008419597229722223,0.0358752314775,11.869694444444445,0.5244888888888889,9.702333333333334,1016.1505666666667,10.742644444444444,0.14142777777777776,262.65777777777777,0.0,0.6158585231483333,0.007613119291111111,2016.0,1.0,1.0,53.0,21,29.5,Friday,Evening
2016-01-01 22:00:00,1.2107363981391668,0.11425461113555554,0.029891274719444444,0.0814573425886111,0.04956701851694444,0.016967949071944443,0.01293106018361111,0.09096926851472222,0.017073949064166666,0.0071829537027777775,0.016087319451944443,7.556344444444444,0.6299888888888889,7.7045,1028.2128777777777,5.656655555555555,0.31386111111111115,191.85944444444445,0.11246111111111111,0.7495225370430555,0.009934656863333334,2016.0,1.0,1.0,53.0,22,29.5,Friday,Night
2016-01-01 23:00:00,1.2429246203744444,0.015769152770555555,0.035113161343888886,0.06757124073833333,0.05367458333111111,0.017325208336388887,0.013454939814166665,0.08192284722444444,0.02239580092333333,0.00843935648888889,0.03738373147472222,32.155627777777774,0.6151888888888889,9.4888,1018.0686944444444,9.822838888888889,0.21312777777777778,296.18944444444446,0.08087222222222222,0.5883335370416666,0.007388648614999999,2016.0,1.0,1.0,53.0,23,29.5,Friday,Night
2016-01-02 00:00:00,1.0124911064852777,0.08268810647777777,0.019423101107777778,0.06328941667416667,0.050689069446666665,0.019031277773055556,0.013798912034444444,0.05805020370472223,0.016730412026944443,0.006803888893055556,0.03724631944416667,39.45805555555555,0.5442388888888889,9.925083333333333,1017.6309555555555,8.597827777777779,0.23172222222222225,222.15833333333333,0.018044444444444443,0.5341328287130556,0.005944107893333333,2016.0,1.0,2.0,53.0,0,29.5,Saturday,Night
2016-01-02 01:00:00,0.9088010972288888,0.09491742130972222,0.05222220917138889,0.06803664351805555,0.06064415277916667,0.02158721296027778,0.013791300929444444,0.12212384258499999,0.019024689818888888,0.007810416678333334,0.04000969907666666,33.612,0.6269444444444444,8.934994444444444,1023.1270222222222,6.257733333333333,0.29169999999999996,169.84277777777777,0.06622777777777779,0.36434972221083334,0.009664797202777778,2016.0,1.0,2.0,53.0,1,29.5,Saturday,Night
2016-01-02 02:00:00,1.0716019814819444,0.04587291203972223,0.034808934150555554,0.06243543980583333,0.05295336110861111,0.02019942592111111,0.0139001666675,0.0567175277775,0.027638398159166667,0.023820726868333333,0.03930702314861111,39.84664444444445,0.7201555555555555,7.731616666666667,1001.0440111111111,12.273927777777777,0.5569888888888889,199.615,0.2909555555555556,0.4471047222255556,0.007496559352777777,2016.0,1.0,2.0,53.0,2,29.5,Saturday,Night
2016-01-02 03:00:00,0.8487881759244444,0.09579874534361112,0.019669087542777776,0.055132620377222226,0.05359343981194444,0.01972927777611111,0.013897333333055555,0.03439303240027778,0.012100425929444443,0.006100143531388889,0.023517013883055556,36.49675555555556,0.5260222222222223,9.967283333333334,1010.9878500000001,8.517344444444443,0.037116666666666666,218.03444444444443,0.004911111111111111,0.4946030879580556,0.006109449905,2016.0,1.0,2.0,53.0,3,29.5,Saturday,Night
2016-01-02 04:00:00,0.9237409027741667,0.07653125925861111,0.03758552057972222,0.08179648148583334,0.059624287034444445,0.020047597223333335,0.013689356482222222,0.0372410138875,0.01795901389388889,0.009965759263611111,0.0398238518525,36.26352222222222,0.5544611111111111,9.432255555555557,1010.0111611111112,9.730322222222224,0.24299444444444443,241.27333333333334,0.12655555555555553,0.28999715741055554,0.011212633688888888,2016.0,1.0,2.0,53.0,4,29.5,Saturday,Morning
2016-01-02 05:00:00,0.7691821296288889,0.10122497220805556,0.040348893569722225,0.06367470370444445,0.04704334722361111,0.018244833328611113,0.014075111113611111,0.03812613889361111,0.01511930091138889,0.0087230509425,0.05801603703555555,26.0414,0.5111055555555556,9.681805555555556,1021.6148055555554,7.5656,0.12159444444444445,158.33666666666667,0.0008055555555555557,0.3006232314822222,0.010018937426388888,2016.0,1.0,2.0,53.0,5,29.5,Saturday,Morning
2016-01-02 06:00:00,0.8024207453783333,0.09798862961611111,0.03821176003888889,0.05433587037194445,0.04934923148138889,0.029338194449444445,0.0138221342675,0.035580916666388886,0.019101435186666668,0.01707597685722222,0.016131356481111112,34.13745,0.5465722222222222,9.847511111111112,1021.7717222222223,4.425938888888889,0.13947777777777778,225.9427777777778,0.0,0.32154293517222227,0.005310033262222222,2016.0,1.0,2.0,53.0,6,29.5,Saturday,Morning
2016-01-02 07:00:00,0.8179932361211112,0.10173756943000001,0.03230158420944444,0.04885592593,0.05209116204388889,0.02824167592,0.014283231483055556,0.034058587954722226,0.022251060190555557,0.007125888895,0.06258522685194444,56.17101666666667,0.5936611111111111,9.453827777777777,1016.7044666666667,5.5726,0.1957722222222222,204.255,0.06893333333333333,0.29531318056416667,0.006667650225277778,2016.0,1.0,2.0,53.0,7,29.5,Saturday,Morning
2016-01-02 08:00:00,0.5399622083311111,0.075463425915,0.016072128839166665,0.09093412963083333,0.05599968055277778,0.03241728704,0.013648249993888889,0.03600331018472222,0.008605870370833333,0.007894583340833334,0.041973736105,48.15325,0.6270388888888889,9.790799999999999,1018.7860722222222,7.861933333333333,0.16575,270.9138888888889,0.05399444444444444,0.11958940741,0.009001582866944444,2016.0,1.0,2.0,53.0,8,29.5,Saturday,Morning
2016-01-02 09:00:00,0.5602489953725001,0.10660179166527778,0.01656248457916667,0.07956375461916666,0.05350980092805555,0.02713308796361111,0.01393742592888889,0.03709868981388889,0.0141259351925,0.00997500463,0.044548458330555554,45.3276,0.6542111111111111,8.385505555555556,1016.920111111111,7.802561111111111,0.5584111111111111,69.34333333333333,0.21411666666666668,0.1767794953672222,0.010101892289444445,2016.0,1.0,2.0,53.0,9,29.5,Saturday,Morning
2016-01-02 10:00:00,0.8163252407402778,0.037025638899166664,0.04101295306305556,0.10116459721472222,0.050672402759166665,0.025391949073333333,0.013380814816666666,0.03763207870027778,0.013592925934444446,0.011574050932222224,0.02892036111861111,47.01517222222222,0.7226166666666667,8.936333333333334,1008.3448166666666,6.917927777777778,0.2350833333333333,196.29,0.08602777777777777,0.2838171528269444,0.00786079825861111,2016.0,1.0,2.0,53.0,10,29.5,Saturday,Morning
2016-01-02 11:00:00,0.6679908425925001,0.09756745371194445,0.020673285210555555,0.072358912035,0.05982281482388889,0.0250143657325,0.013801800930833334,0.034820245371111114,0.015526402777777778,0.0091746018525,0.03776178703527778,33.52149444444444,0.46477222222222225,9.547616666666666,1017.4675055555556,6.848511111111111,0.16201666666666667,205.8661111111111,0.015783333333333333,0.27337645369694447,0.007534048041944444,2016.0,1.0,2.0,53.0,11,29.5,Saturday,Morning
2016-01-02 12:00:00,0.9382528981458333,0.09748249538472223,0.051750489131944445,0.08281531018527777,0.054079523151388885,0.02604445832861111,0.014405680551666666,0.03478060184972222,0.02385042592111111,0.008968282408888889,0.031275041666111114,41.77511111111111,0.5051055555555555,9.549205555555556,1013.0012222222222,9.290522222222222,0.20357222222222224,252.79555555555555,0.012416666666666668,0.41038290277,0.01532722016638889,2016.0,1.0,2.0,53.0,12,29.5,Saturday,Afternoon
2016-01-02 13:00:00,0.8060208194519444,0.10633790276138888,0.0353519787425,0.08155877314583335,0.05115999536138889,0.02363179166166667,0.013345749992222222,0.0336773703725,0.01671590277888889,0.010593041659722222,0.03438280555083333,42.31185,0.6998333333333333,8.502472222222222,1015.7826444444445,7.4745333333333335,0.3664277777777778,136.8088888888889,0.06057777777777777,0.3870562638833333,0.007665509714444444,2016.0,1.0,2.0,53.0,13,29.5,Saturday,Afternoon
2016-01-02 14:00:00,0.6814183055574999,0.07299924074472222,0.040254153698333336,0.09240862037083333,0.05014125925388889,0.022275916669166666,0.014109666663055555,0.0338617175925,0.009878180556388888,0.0085565833425,0.021719157408333332,42.064188888888886,0.7279277777777777,9.071516666666666,1019.7083333333334,5.2219500000000005,0.34751666666666664,141.29944444444445,0.12260555555555555,0.28965875463472224,0.005787817226388889,2016.0,1.0,2.0,53.0,14,29.5,Saturday,Afternoon
2016-01-02 15:00:00,0.9093795925963889,0.07065275000638889,0.048289912075277774,0.0624318333375,0.05310673610361111,0.04957308332777778,0.0132770462975,0.04862742129638889,0.02523968518111111,0.006004157418055556,0.024685587972500003,43.22258333333333,0.4986,9.996294444444445,1016.2762777777778,12.516222222222222,0.11387777777777777,249.38111111111112,0.0037055555555555557,0.31899655092833334,0.01182940855888889,2016.0,1.0,2.0,53.0,15,29.5,Saturday,Afternoon
2016-01-02 16:00:00,0.8378488055550001,0.06873065742805555,0.03761684994333333,0.10549023149055556,0.057426189819444445,0.03007105554861111,0.013339287037222222,0.051864601851666664,0.014872777773888889,0.008851018525277778,0.025986157408055557,54.60136111111111,0.7256611111111111,9.316633333333332,1001.4255555555555,9.273894444444444,0.26366666666666666,217.08388888888888,0.15350555555555556,0.35634325463194444,0.010915524903333333,2016.0,1.0,2.0,53.0,16,29.5,Saturday,Afternoon
2016-01-02 17:00:00,0.6500340138874999,0.03436058796555556,0.01530212881388889,0.08570260185777777,0.05297793518888889,0.03758939814277778,0.013921629625000001,0.06404040741305556,0.01079229168,0.011325569458055556,0.025920263889722222,26.669066666666666,0.6312388888888889,7.649,1014.1738777777778,10.634966666666665,0.35620555555555555,188.06833333333333,0.13359444444444443,0.21413675926527778,0.008821215785,2016.0,1.0,2.0,53.0,17,29.5,Saturday,Evening
2016-01-02 18:00:00,1.1748771203588888,0.020618291658888892,0.06621975600472223,0.09253992592861111,0.05996617593111111,0.0306651296325,0.013343638893333334,0.03573951851888889,0.022193379634166666,0.012369300923888889,0.04461085648555555,39.56981666666667,0.6500888888888889,9.37962777777778,1012.9277944444444,8.81033888888889,0.17077777777777778,209.64944444444444,0.10149999999999999,0.4530068379641667,0.008772152493055557,2016.0,1.0,2.0,53.0,18,29.5,Saturday,Evening
2016-01-02 19:00:00,0.7861235648152778,0.048795703697777776,0.020895369834444448,0.07214868056027778,0.04947994444777778,0.019777064809166668,0.013495819444166668,0.03335585185638889,0.015315263892777778,0.007629597225555555,0.04908339352083334,37.99042222222222,0.4783777777777778,9.941127777777778,1011.5324111111112,8.46268888888889,0.20461666666666667,259.3861111111111,0.011922222222222223,0.3700889305602778,0.006804025411666667,2016.0,1.0,2.0,53.0,19,29.5,Saturday,Evening
2016-01-02 20:00:00,0.7436308981425,0.05717844443194444,0.015963751789166668,0.09536657871083333,0.04217449537444445,0.031927467593611106,0.015202842587777779,0.07680810184472221,0.012422240750833334,0.006080949078611111,0.02732962963583333,44.568422222222225,0.6577944444444445,9.573055555555555,1020.73205,9.190777777777779,0.4288166666666667,229.5388888888889,0.1288888888888889,0.30783035185472224,0.004505985964722222,2016.0,1.0,2.0,53.0,20,29.5,Saturday,Evening
2016-01-02 21:00:00,0.8806024027786111,0.06974460647111111,0.03540258372,0.06971079166833334,0.06138714814166667,0.03399479167083334,0.013872824076666667,0.12077142129194446,0.017856935199722222,0.010620018525,0.0397544722275,45.92724444444444,0.43846666666666667,9.981472222222223,1028.5868444444445,5.088755555555555,0.03131111111111111,105.91277777777778,0.0,0.27579093981472225,0.007798139921944444,2016.0,1.0,2.0,53.0,21,29.5,Saturday,Evening
2016-01-02 22:00:00,0.6679286388852778,0.13578838427444445,0.03721075788027778,0.06703468055944445,0.05084961111833333,0.04099064351583333,0.014387467596388889,0.08038213425805556,0.0184268240625,0.012943842593333334,0.04173033333305556,51.48591666666666,0.4402,9.999355555555555,1028.0456944444445,5.011577777777778,0.02716111111111111,121.14055555555555,0.0,0.19109598610416664,0.0050435622852777785,2016.0,1.0,2.0,53.0,22,29.5,Saturday,Night
2016-01-02 23:00:00,0.41178665277777776,0.14611901389805557,2.2859021666666666e-05,0.041999347213333336,0.05191070832388889,0.024080208328888887,0.0137068564725,0.04695892129611111,0.0081473333225,0.005278250011111111,0.009955370362222223,52.90446111111111,0.40700000000000003,9.993588888888889,1019.5164,7.736105555555556,0.0959111111111111,222.90055555555554,0.0006444444444444444,0.17516907405805557,0.0031777832725,2016.0,1.0,2.0,53.0,23,29.5,Saturday,Night
2016-01-03 00:00:00,0.6555024583305555,0.13213050463666667,0.059609706585277776,0.0912222870261111,0.06954796295916667,0.039851560182222225,0.01717378239888889,0.04679221295444445,0.020553842578055554,0.020727527784999998,0.040373504629444446,61.03554444444444,0.5773999999999999,9.19731111111111,1012.4998944444445,6.267655555555556,0.17741666666666667,222.60666666666665,0.06798888888888889,0.10365271295694445,0.008085530274444443,2016.0,1.0,3.0,53.0,0,29.5,Sunday,Night
2016-01-03 01:00:00,0.4036983287072222,0.133785972205,0.0203110787175,0.07482804629694444,0.056312217595277776,0.031252138883611114,0.013891148154166666,0.03587768055138889,0.011192240725833334,0.0123299259275,0.02736904629388889,49.60643888888889,0.40518888888888893,9.926494444444444,1015.0193333333334,5.445694444444444,0.2019111111111111,195.75222222222223,0.026672222222222226,0.10078824537,0.008627933344444444,2016.0,1.0,3.0,53.0,1,29.5,Sunday,Night
2016-01-03 02:00:00,0.5535740972277777,0.10868804628722223,0.016565044613333333,0.05972176851305556,0.06824952315944445,0.10145473148194444,0.015053912039444443,0.06576522222583334,0.013446083326944443,0.006308236112222222,0.03510798611944444,45.770672222222224,0.5636,9.257961111111111,1012.8437555555556,5.156355555555556,0.2508,209.6761111111111,0.04566666666666667,0.10721538426055555,0.0071265007841666665,2016.0,1.0,3.0,53.0,2,29.5,Sunday,Night
2016-01-03 03:00:00,0.7269320046327777,0.06613270832416666,0.05966309641194445,0.07139335185444444,0.06910610647972222,0.019000124996388888,0.014311731484722224,0.0457991713025,0.014592476871666668,0.019214305567777777,0.042688143518055555,50.44702222222222,0.5574055555555556,9.927994444444444,1021.0760833333333,5.334511111111111,0.19753888888888887,166.36888888888888,0.037866666666666667,0.18850204166083334,0.008843721155,2016.0,1.0,3.0,53.0,3,29.5,Sunday,Night
2016-01-03 04:00:00,0.60210333333,0.12345839351833333,0.05376923876111111,0.06873539815305556,0.05470435185472222,0.02626165278027778,0.0151118055575,0.0696535787125,0.0180830277775,0.0120573981475,0.05544513888527777,46.99815555555555,0.8759722222222223,7.72585,1014.5100611111112,3.501816666666667,0.9183166666666667,125.55555555555556,0.18333888888888888,0.14924191666555556,0.00914212774861111,2016.0,1.0,3.0,53.0,4,29.5,Sunday,Morning
2016-01-03 05:00:00,0.7742237962938889,0.039578060180555555,0.019322240056388888,0.0640947500038889,0.05145237037416667,0.0223876388825,0.01446514814861111,0.10109429166888889,0.017888425925277777,0.009934500001388888,0.032194592595,49.443844444444444,0.7814277777777777,9.45486111111111,1007.9438222222221,8.187044444444444,0.8893166666666666,43.102222222222224,0.09870555555555556,0.21314608796805556,0.008873091826388887,2016.0,1.0,3.0,53.0,5,29.5,Sunday,Morning
2016-01-03 06:00:00,0.6972299259258333,0.019437296298333333,0.052116124928055556,0.08566389815333333,0.05691269442972222,0.019418398139166668,0.013302759259166666,0.03586487962472222,0.011698171314722223,0.0226778750025,0.03470987036638889,51.008338888888886,0.77045,8.790211111111113,1007.9338,7.205177777777777,0.5441611111111111,152.45555555555555,0.10896666666666667,0.2020774490611111,0.011001238285833333,2016.0,1.0,3.0,53.0,6,29.5,Sunday,Morning
2016-01-03 07:00:00,0.7305459398202778,0.03926742593305556,0.03647459938472222,0.074767814815,0.05444325000083333,0.030179407409166668,0.013757902769999998,0.10284648147722222,0.01283946760888889,0.007840500003333334,0.042939046295,56.13987222222222,0.42436111111111113,9.994522222222223,1019.5486333333333,6.342672222222222,0.054627777777777775,273.75055555555554,0.0,0.21321231481166666,0.00877964256388889,2016.0,1.0,3.0,53.0,7,29.5,Sunday,Morning
2016-01-03 08:00:00,0.8952600185144445,0.09809740743749999,0.05827806896,0.11476268981444444,0.066585217595,0.028132439809722222,0.014984023151111112,0.16349330555694444,0.017213824091666666,0.01709025927666667,0.04053376852111111,60.08166111111112,0.64165,8.869483333333333,1013.5511388888889,4.532061111111111,0.2071777777777778,178.225,0.06138333333333333,0.15022804166055556,0.012231906292777778,2016.0,1.0,3.0,53.0,8,29.5,Sunday,Morning
2016-01-03 09:00:00,0.4204436898238889,0.1397020694461111,0.035127518031666666,0.06888095370222222,0.05562307407388889,0.029330754619166666,0.015354907399166668,0.037352041669722225,0.010659462960277777,0.005379462966666667,0.029611328707500002,51.603683333333336,0.5060833333333333,9.910422222222222,1008.7302055555556,12.81923888888889,0.22203333333333336,265.0877777777778,0.03882777777777778,0.1077019861163889,0.010651351490277777,2016.0,1.0,3.0,53.0,9,29.5,Sunday,Morning
2016-01-03 10:00:00,0.5697758703705555,0.08032834720083334,0.018648791742777778,0.045631564804722226,0.06791420370333333,0.038680685183055556,0.01406226388638889,0.11730237037361112,0.008941023143333332,0.00653684723,0.030885291666111113,56.78890555555555,0.5374166666666667,9.97535,1019.2226222222222,5.313994444444445,0.17268333333333333,199.75333333333333,0.006727777777777778,0.09944466667027778,0.004050692596111111,2016.0,1.0,3.0,53.0,10,29.5,Sunday,Morning
2016-01-03 11:00:00,0.8148864722208333,0.08735003704694444,0.03141604190444445,0.07782292473555556,0.058361134252222224,0.019873158592777777,0.013205879629444445,0.09693429511055555,0.02142617600138889,0.009902537048333333,0.05145999064805556,57.80235555555556,0.6364833333333334,9.135477777777778,1019.2245888888889,3.906794444444445,0.12286111111111112,204.0222222222222,0.024044444444444445,0.19240904285166668,0.009383756366666668,2016.0,1.0,3.0,53.0,11,29.5,Sunday,Morning
2016-01-03 12:00:00,0.5864698750083334,0.0955601250013889,0.03712025372722222,0.07804894443944445,0.05288162036027778,0.030216351852222222,0.014635157409444445,0.10712463889305555,0.0103840972075,0.012379787045555557,0.03198489352583333,62.76807222222222,0.6580833333333334,9.448683333333333,1011.7225277777778,4.884594444444445,0.26840555555555556,88.05444444444444,0.09892222222222222,0.09879769444861111,0.009237387243055556,2016.0,1.0,3.0,53.0,12,29.5,Sunday,Afternoon
2016-01-03 13:00:00,0.4099904907425,0.08244404164944445,0.0210553213125,0.041373324066944446,0.05827907406694445,0.031142291663888887,0.013156208328333334,0.03428156944027778,0.0056723703475000005,0.005532101859999999,0.011150032408055555,69.20092777777778,0.6381444444444445,8.759777777777778,1016.77995,4.527816666666666,0.11498333333333333,220.25055555555556,0.0009666666666666667,0.10003941203916666,0.0027618837502777775,2016.0,1.0,3.0,53.0,13,29.5,Sunday,Afternoon
2016-01-03 14:00:00,0.49521382870333336,0.08131797684722222,0.01846638799861111,0.05471745369722222,0.05767291665916667,0.03817975463611111,0.014131523145833333,0.03139093519194445,0.009417611088333333,0.005116703705833333,0.02907399072722222,75.53332777777777,0.6840777777777778,9.304466666666666,1018.2206611111111,5.1194500000000005,0.08398888888888889,156.31444444444443,0.02465,0.09056186574777779,0.005750317813333333,2016.0,1.0,3.0,53.0,14,29.5,Sunday,Afternoon
2016-01-03 15:00:00,0.31274480092722223,0.10311818518611111,4.921527777777778e-06,0.02810161573722222,0.05713044444222222,0.04628982870722222,0.01303139350861111,0.04351765278,0.0009258518233333334,0.003998194450555556,0.0009230462650000001,69.82077777777778,0.6956277777777778,9.035266666666667,1014.8832222222222,5.625694444444444,0.2092277777777778,188.11833333333334,0.10810555555555555,0.08765591666666667,0.0006769991788888889,2016.0,1.0,3.0,53.0,15,29.5,Sunday,Afternoon
2016-01-03 16:00:00,0.35172530556416665,0.09325131018555556,4.777888888888888e-06,0.028115217589999998,0.06258885647722222,0.0611373425975,0.0129710648025,0.05756772221888889,0.0009729860825,0.004048782413333334,0.0009653564444444445,67.13880555555556,0.7111666666666666,9.412855555555556,1018.6722277777778,5.86975,0.28755000000000003,150.62277777777777,0.014338888888888889,0.08830442591888889,0.0006979047105555555,2016.0,1.0,3.0,53.0,16,29.5,Sunday,Afternoon
2016-01-03 17:00:00,0.4117110833375,0.10975490279888889,5.694805555555555e-06,0.044507458330555555,0.07661486110888889,0.05783359258027778,0.01334473611861111,0.05613668055083334,0.00777474072,0.011101041674722223,0.011743069417500002,69.26952777777778,0.7483388888888889,8.364455555555557,1008.5071277777778,5.491005555555556,0.3197277777777778,199.11555555555555,0.14983333333333332,0.09042232407972221,0.0025179413655555555,2016.0,1.0,3.0,53.0,17,29.5,Sunday,Evening
2016-01-03 18:00:00,0.5162880740752778,0.09359850462333333,0.032679442929722226,0.0765866342536111,0.07484189351277777,0.05097481944388889,0.014509532413333333,0.03383067129166666,0.012289731460277778,0.005800319445277778,0.029251833333611112,62.98471111111111,0.6516555555555555,9.82165,1001.1430888888889,8.596655555555555,0.2018277777777778,266.9788888888889,0.07701111111111111,0.1020463981425,0.006203155626111111,2016.0,1.0,3.0,53.0,18,29.5,Sunday,Evening
2016-01-03 19:00:00,0.8350150972249999,0.07008568057416667,0.04175311997666666,0.05279550462555555,0.06990240740805555,0.055949138884444444,0.018220453706666667,0.1968142546172222,0.036056546287500005,0.007769583322500001,0.03939599074083333,59.42684444444445,0.5886944444444445,9.697327777777778,1011.5861222222222,8.277322222222223,0.16887222222222223,254.1761111111111,0.04704444444444445,0.09246078241527778,0.009740065886666666,2016.0,1.0,3.0,53.0,19,29.5,Sunday,Evening
2016-01-03 20:00:00,0.6271721990752778,0.09096704627833332,0.03732514199694445,0.06810641666916667,0.07095976388805555,0.04523095370333333,0.014950041666666665,0.10471078240277779,0.01661637035611111,0.015567240740000002,0.034936902773333334,60.47205,0.6427222222222223,9.191972222222223,1006.846461111111,11.053838888888889,0.18937777777777778,297.2261111111111,0.004188888888888889,0.09164946758222223,0.007178197506944444,2016.0,1.0,3.0,53.0,20,29.5,Sunday,Evening
2016-01-03 21:00:00,0.4545174120486111,0.10806941666527776,0.038897870408055556,0.06286221296305555,0.06395643519305556,0.031860398144999996,0.013406129620277778,0.047498296296944444,0.014780615745555557,0.008965930565,0.02816602777916667,69.05601666666666,0.5703444444444444,9.982716666666667,1010.4772444444444,5.055094444444444,0.09329444444444444,214.61444444444444,0.00048333333333333334,0.09840234258722222,0.005905546280555556,2016.0,1.0,3.0,53.0,21,29.5,Sunday,Evening
2016-01-03 22:00:00,0.4443483703830556,0.08331238888027777,0.017338308124166667,0.062337476843888885,0.059487634251388886,0.03134855092388889,0.014952236111944444,0.035456708325833336,0.008946814798333333,0.005383759266944444,0.016353111114166666,68.99008888888889,0.533088888888889,9.985383333333333,1020.5649722222222,4.892127777777778,0.08565,154.7888888888889,0.0,0.09017156481472223,0.004819949258888889,2016.0,1.0,3.0,53.0,22,29.5,Sunday,Night
2016-01-03 23:00:00,0.4434533286966667,0.12593421762888887,0.01090670820611111,0.08495752778194444,0.06024763426083333,0.04196944907472222,0.013878500003055556,0.03783538425277778,0.01944049997583333,0.008048513890000001,0.028141657407777777,69.76047777777778,0.6230444444444444,9.855644444444444,1013.9920055555556,7.100588888888889,0.0795388888888889,227.03666666666666,0.036894444444444445,0.09124537499555556,0.006398064112777778,2016.0,1.0,3.0,53.0,23,29.5,Sunday,Night
2016-01-04 00:00:00,0.5965106296319443,0.1182763842563889,0.02701376535888889,0.10157454629583333,0.07100168980944443,0.05192481944222222,0.013584717596666667,0.13403508796222222,0.026372041655833334,0.006087337973333333,0.04027086574111111,67.93891111111111,0.546088888888889,9.937205555555556,1013.0581722222222,4.783672222222222,0.104,180.255,0.004672222222222223,0.08874818055833333,0.005460554397222222,2016.0,1.0,4.0,1.0,0,29.5,Monday,Night
2016-01-04 01:00:00,0.4879270509183333,0.12153037036888889,0.019833710377222223,0.08784195833666668,0.06450768055833334,0.04278473148055556,0.014256287037777779,0.08282018055944444,0.021097624991666668,0.0074746296375,0.00785018055138889,69.89778333333334,0.5968777777777778,9.947438888888888,1020.8839833333333,5.110427777777778,0.0595,197.2761111111111,0.0,0.08876305091666667,0.007405151290555556,2016.0,1.0,4.0,1.0,1,29.5,Monday,Night
2016-01-04 02:00:00,0.5124997916672223,0.11382975925083334,0.02106553937138889,0.1118050648063889,0.07210277315694444,0.04337892593638889,0.014215425929444445,0.030517513887777778,0.016918856473055556,0.009818152794444444,0.0326760046325,72.94402777777778,0.7095888888888889,9.420483333333333,1013.1346111111111,7.509238888888889,0.3470111111111111,214.97333333333333,0.10842777777777779,0.09360478702972222,0.006814896624166667,2016.0,1.0,4.0,1.0,2,29.5,Monday,Night
2016-01-04 03:00:00,0.45132865278305556,0.12049926386722223,0.01622503248888889,0.05039479166888888,0.06834729630305555,0.053620833331666666,0.014606819446666667,0.08165131019194444,0.019539736087222224,0.0056242685230555554,0.016533111106666665,70.22465555555556,0.6555222222222222,9.7767,1013.7890833333333,7.089938888888889,0.18096666666666666,255.15555555555557,0.0853888888888889,0.09278126851722222,0.005757977297777777,2016.0,1.0,4.0,1.0,3,29.5,Monday,Night
2016-01-04 04:00:00,0.5940636435186111,0.08253936112638889,0.015555189365833333,0.08867476851666665,0.0859988009311111,0.054872245366388885,0.013955736110555556,0.034255384265,0.020060342588611113,0.006027120372222222,0.01644293981861111,69.52840555555555,0.5677166666666666,9.716650000000001,1015.757061111111,6.5675,0.08593333333333333,239.99777777777777,0.04621111111111111,0.09314423148055555,0.006710873155,2016.0,1.0,4.0,1.0,4,29.5,Monday,Morning
2016-01-04 05:00:00,0.4754279722161111,0.11503642594472223,0.03548424899916666,0.07016115739666667,0.07396766204305556,0.05358091204194444,0.013552074070833335,0.03148991203888889,0.010192189806388889,0.008522518518888888,0.03722419907444445,76.76545555555556,0.6893666666666666,9.2785,1008.7997555555556,4.65695,0.10162222222222222,219.97277777777776,0.06817777777777778,0.09960408333416666,0.00670317521611111,2016.0,1.0,4.0,1.0,5,29.5,Monday,Morning
2016-01-04 06:00:00,0.5544720925936111,0.10944858333527778,0.03149834310472222,0.07472087963194445,0.08578732870722222,0.048925365741666664,0.015366689815833333,0.04141872685305556,0.020779787029722222,0.008047972225555556,0.02377423611166667,67.27993055555555,0.8302222222222223,8.392061111111111,1010.2174388888889,4.548277777777778,0.6227888888888888,88.4725,0.13486944444444443,0.09835634259583333,0.008149471734166665,2016.0,1.0,4.0,1.0,6,29.5,Monday,Morning
2016-01-04 07:00:00,0.5705258981475,0.10964477773388888,0.033216555315,0.07687853240166667,0.07457433334138888,0.05334960185055556,0.014460458326666667,0.08531487962527778,0.03707122684111111,0.005588722224166666,0.02076579629638889,68.95948055555556,0.7155861111111111,9.219211111111113,1016.6397472222221,4.500116666666667,0.23537222222222223,249.3061111111111,0.04098888888888889,0.09943197221972222,0.007671160996666667,2016.0,1.0,4.0,1.0,7,29.5,Monday,Morning
2016-01-04 08:00:00,1.2550466065019443,0.07353741667722223,0.03087856932194444,0.06379582870555556,0.07948667593388889,0.062023884259999995,0.013972754627222223,0.09058470833722222,0.012034754623611112,0.005909370365833334,0.02081506018638889,76.71929722222221,0.7340722222222222,8.772125,1012.9308722222222,7.561166666666667,0.2297777777777778,198.87555555555556,0.06095833333333334,0.1752319629613889,0.007154285619444444,2016.0,1.0,4.0,1.0,8,29.5,Monday,Morning
2016-01-04 09:00:00,0.5448505740758334,0.04942621297527778,8.566212777777777e-06,0.078063555555,0.07534419444638889,0.046638351841944446,0.013358314814722222,0.030650574073611114,0.015057574059999999,0.00741094445,0.00918376851388889,75.28596111111112,0.6945749999999999,9.432725,1016.4805388888889,3.821527777777778,0.14416111111111113,216.4713888888889,0.02945,0.09475473611777777,0.0130324344325,2016.0,1.0,4.0,1.0,9,29.5,Monday,Morning
2016-01-04 10:00:00,0.9847161759177777,0.10744211110666667,0.03304554477055556,0.10173938426222222,0.08624629166916667,0.05881981481555555,0.013996291665277778,0.030286129630555554,0.012548592584722223,0.015351777778611112,0.029400458334166667,72.35903055555556,0.594775,9.884858333333332,1018.552525,7.116272222222222,0.1265777777777778,270.60333333333335,0.033091666666666665,0.14398115740444445,0.0079690482875,2016.0,1.0,4.0,1.0,10,29.5,Monday,Morning
2016-01-04 11:00:00,1.5861773009111113,0.07942417132972222,0.037875477043333335,0.11516969444805555,0.07439321758416666,0.06325159722222222,0.013994527772222222,0.04346862500083334,0.00922876389222222,0.013688472232777776,0.027979879630277777,75.97217222222223,0.6303694444444444,9.8822,1014.1978111111112,6.532977777777778,0.08691666666666666,238.98777777777778,0.007758333333333333,0.22712205555305556,0.0068435844544444445,2016.0,1.0,4.0,1.0,11,29.5,Monday,Morning
2016-01-04 12:00:00,1.9700613842536112,0.09434826853916667,0.044712654569999996,0.1352814120425,0.07933395371083334,0.059289912032222225,0.022098898145833334,0.050087666666111114,0.023425194434166668,0.014255564818611111,0.024075782414166667,76.48767222222222,0.6314861111111111,9.777930555555557,1012.6345888888889,6.079783333333333,0.08238611111111112,249.0913888888889,0.025016666666666666,0.25670388426333335,0.007649153128333333,2016.0,1.0,4.0,1.0,12,29.5,Monday,Afternoon
2016-01-04 13:00:00,0.5358742222266667,0.10561459260555556,0.017848829320555554,0.10196143981111111,0.07326740276333334,0.053450620369444445,0.013392777788055555,0.0310044398125,0.01354692129,0.020270634266111108,0.033364657410555554,78.03055555555555,0.5896777777777779,9.917186111111112,1012.0784749999999,5.250366666666666,0.10925833333333333,254.62472222222223,0.0,0.09939556481666667,0.024049804629722223,2016.0,1.0,4.0,1.0,13,29.5,Monday,Afternoon
2016-01-04 14:00:00,0.4308980787075,0.11324188428194445,0.017049905981666665,0.05401721296138889,0.08600661111027777,0.06925168055611111,0.013623546297777778,0.036611578707222224,0.0072886944275,0.004770597227222222,0.011570523175,73.49035555555555,0.7656833333333334,8.718966666666667,1014.4136861111111,3.8951611111111113,0.24823055555555557,117.14194444444445,0.22611111111111112,0.08925206943555555,0.003612698843888889,2016.0,1.0,4.0,1.0,14,29.5,Monday,Afternoon
2016-01-04 15:00:00,1.6692646342647224,0.09981408333472222,0.03331269631805556,0.05758286574472222,0.08346312037111112,0.06922204629305556,0.01337625463,0.03447447222083334,0.016674166686666665,0.021541703710000002,0.026161259257222222,68.90325555555556,0.8135527777777778,9.14186111111111,1019.3256861111112,3.864475,0.4549888888888889,48.935833333333335,0.1985388888888889,0.24198950462305555,0.0049622412325,2016.0,1.0,4.0,1.0,15,29.5,Monday,Afternoon
2016-01-04 16:00:00,2.2367101851905553,0.09889078703583334,0.018446150159444445,0.11838232406944443,0.08233119444361112,0.08039424999527776,0.013841537042222221,0.031121856487777776,0.01847476390972222,0.009507453706944445,0.027537407409444443,70.1055,0.674611111111111,9.236538888888889,1019.5250416666667,4.82165,0.09571388888888889,177.84527777777777,0.0,0.3006503055577778,0.006703362836388889,2016.0,1.0,4.0,1.0,16,29.5,Monday,Afternoon
2016-01-04 17:00:00,1.894572203698889,0.06735818055277777,0.04644323668388889,0.1158532870425,0.08350130556305554,0.12070413889111112,0.014478787035,0.10083237036944444,0.018225870399722222,0.018882791672222222,0.0258311897975,73.09389444444444,0.6880805555555556,9.691883333333333,1009.7233833333333,6.070116666666666,0.123375,241.26583333333335,0.046233333333333335,0.2533540231502778,0.012548788436944444,2016.0,1.0,4.0,1.0,17,29.5,Monday,Evening
2016-01-04 18:00:00,0.7150098055597222,0.05015621296944445,0.02997051839888889,0.08680575001055556,0.07386825463055555,0.05698470833166667,0.013592879629722223,0.04180761574055556,0.017291666656944444,0.012274884253055555,0.044464537034444446,73.85738333333333,0.6627194444444444,9.581502777777779,1020.4419083333333,5.6464,0.2058361111111111,218.20888888888888,0.10560833333333333,0.09607721759833333,0.02368445300972222,2016.0,1.0,4.0,1.0,18,29.5,Monday,Evening
2016-01-04 19:00:00,0.48820081018166667,0.11642078703944445,0.015011647271111112,0.07690677314861112,0.07571318518,0.08068213888722221,0.01366387963138889,0.030626037045277776,0.0106888657425,0.01987875462666667,0.03564807870805555,79.2624111111111,0.8117833333333333,8.598977777777778,1013.5805166666667,4.3606388888888885,0.1882,202.03083333333333,0.1286027777777778,0.09355882406277778,0.008639132775,2016.0,1.0,4.0,1.0,19,29.5,Monday,Evening
2016-01-04 20:00:00,1.4270042175969444,0.09887499999222223,0.03447109779888889,0.09780576388805555,0.08172122222388888,0.1490428472175,0.015029282400277778,0.06020845833888889,0.01434522223111111,0.014061624996666668,0.015055115739444444,77.68175,0.7389361111111111,9.792588888888888,1016.3497444444445,5.409127777777778,0.14966388888888887,225.42416666666668,0.13787222222222223,0.1847835416661111,0.006315191513333334,2016.0,1.0,4.0,1.0,20,29.5,Monday,Evening
2016-01-04 21:00:00,1.107050749998611,0.09670247683472222,0.032241134108055555,0.190416851845,0.08577206481277778,0.1269429444386111,0.013609805554722224,0.031004486115555556,0.015683388886666667,0.017010055552222222,0.06456336111333333,75.71066111111111,0.7143472222222222,9.865330555555555,1015.928936111111,6.855483333333334,0.19475833333333334,229.80638888888888,0.051180555555555556,0.14207052777722223,0.024430419383333332,2016.0,1.0,4.0,1.0,21,29.5,Monday,Evening
2016-01-04 22:00:00,2.402418407408889,0.06860930556333333,0.032888447564444444,0.10248387500416666,0.0932625972475,0.10195855555472222,0.014265949073611112,0.06568208333472222,0.013437162048611112,0.016250578732777778,0.035659652786388885,72.98872777777777,0.7393,9.645188888888889,1013.8248694444445,4.567880555555555,0.1630111111111111,181.17694444444444,0.004552777777777778,0.31297656018,0.008226894961111111,2016.0,1.0,4.0,1.0,22,29.5,Monday,Night
2016-01-04 23:00:00,2.9770589953672224,0.09861047221611112,0.039628516906944446,0.0397053703725,0.12390070369638888,0.1506691851811111,0.013714472214722221,0.031893916664444445,0.02561029629027778,0.011612069445277779,0.11735117129638889,67.59533611111111,0.6976888888888888,9.565380555555556,1017.8783361111111,6.836833333333333,0.1549638888888889,260.96555555555557,0.10085833333333334,0.37451927315805555,0.012532724394722222,2016.0,1.0,4.0,1.0,23,29.5,Monday,Night
2016-01-05 00:00:00,2.1796169259291664,0.07430075463722222,0.03236637080055556,0.11494349074555556,0.08274199999888888,0.14084232870472221,0.0139806342625,0.030141032409444442,0.0149053611275,0.018159333339166667,0.040396212963611115,73.94089722222222,0.7174444444444444,9.469755555555556,1018.4277166666666,6.368825,0.12415555555555555,214.82,0.006016666666666667,0.29258468980972224,0.024690408126944445,2016.0,1.0,5.0,1.0,0,29.5,Tuesday,Night
2016-01-05 01:00:00,1.5152879768508334,0.10714758332916667,0.041949147410277776,0.1129518426,0.07496118518388889,0.06652635185638889,0.013547819441388888,0.033340314804444444,0.009958296294722222,0.006824972228055555,0.031915666665833335,73.22928055555555,0.6964416666666667,9.772158333333332,1021.2834972222222,5.234969444444444,0.088875,200.78805555555556,0.0052250000000000005,0.22506588887888887,0.009741383606666666,2016.0,1.0,5.0,1.0,1,29.5,Tuesday,Night
2016-01-05 02:00:00,1.087231967596111,0.09671264812694444,0.04606430740888889,0.10044037962138888,0.09003092130000001,0.0752261481461111,0.014600347215555556,0.03609735648416667,0.021683287046388888,0.014914333331944444,0.0306610972325,70.80279444444444,0.6832527777777778,9.924000000000001,1017.5104027777778,5.529197222222223,0.1082361111111111,223.30083333333334,0.0,0.1463507592661111,0.01056388684,2016.0,1.0,5.0,1.0,2,29.5,Tuesday,Night
2016-01-05 03:00:00,0.5313727916625001,0.11666366667611111,0.03667985511,0.11088990278555556,0.07523164813555556,0.06982507870555556,0.013546569445555557,0.03599206945388889,0.0110221851825,0.012259189823055554,0.031672634256666665,66.567075,0.7159,9.778808333333332,1016.9145416666667,4.689825,0.13633333333333333,136.25333333333333,0.038158333333333336,0.09219222684972221,0.007491047591666667,2016.0,1.0,5.0,1.0,3,29.5,Tuesday,Night
2016-01-05 04:00:00,0.7425812916619444,0.09697271295722222,0.018300072492777777,0.06518512500444444,0.08850206944861111,0.09299902314611111,0.013078717589166667,0.0304498379625,0.006404277780555556,0.005691884258611111,0.020347699080555556,65.40301388888889,0.65935,9.737772222222222,1022.3535444444445,8.03733888888889,0.051338888888888885,29.449444444444445,0.00025277777777777777,0.1251352222261111,0.004356347993611111,2016.0,1.0,5.0,1.0,4,29.5,Tuesday,Morning
2016-01-05 05:00:00,1.7149283518519443,0.11274243515194445,0.016969830666666668,0.08248633796388889,0.06767095832388889,0.08679736110694444,0.013383763888055554,0.030606287040555555,0.013528847230833333,0.017625722229166668,0.015166518514166666,72.66868611111111,0.7839833333333334,9.182411111111112,1015.3207638888889,6.756308333333333,0.25888333333333335,81.73833333333333,0.048725,0.28979904629666664,0.005924233132777778,2016.0,1.0,5.0,1.0,5,29.5,Tuesday,Morning
2016-01-05 06:00:00,0.7057381157405556,0.061253134279722225,0.01604101797361111,0.12642961110916667,0.07582570370416666,0.06564281019111111,0.0137238009275,0.030725731476111108,0.01012512036888889,0.005639550931388889,0.02681074074416667,75.80510277777778,0.7683694444444444,9.074208333333333,1013.0739722222222,6.105011111111112,0.2348722222222222,205.6186111111111,0.06660555555555556,0.10531518053416666,0.009430045560833333,2016.0,1.0,5.0,1.0,6,29.5,Tuesday,Morning
2016-01-05 07:00:00,0.6744329305505555,0.10112339814361111,0.03312677178805556,0.08913188425527778,0.07999214815416668,0.07190954166722222,0.014400138890277778,0.103742097225,0.011192564824166666,0.005924634265,0.0289737175925,64.56045555555556,0.6628027777777779,9.653472222222222,1021.0575222222222,5.727283333333333,0.04593333333333334,228.06555555555556,0.0,0.09661162962305556,0.024669000220833334,2016.0,1.0,5.0,1.0,7,29.5,Tuesday,Morning
2016-01-05 08:00:00,0.6897406388880556,0.08427610649388888,0.049506363968611106,0.08576668054666665,0.07482389814861111,0.08348952777194445,0.013734652773055555,0.08912264815,0.01882292592833333,0.010662814815555555,0.02722730556277778,62.81823611111111,0.663838888888889,9.69831111111111,1022.9334722222222,5.469336111111112,0.09976944444444445,188.15722222222223,0.00665,0.09288562963500001,0.007484025945,2016.0,1.0,5.0,1.0,8,29.5,Tuesday,Morning
2016-01-05 09:00:00,0.9132957037127778,0.073792699085,0.014931474585555554,0.08391616204194444,0.08312911111138889,0.08088418981694444,0.013844152774444445,0.051700731475277775,0.012069949086388889,0.013979101865277779,0.02733760649222222,67.07043888888889,0.8075722222222222,9.199822222222222,1019.5013916666667,6.299430555555555,0.22012777777777778,174.70638888888888,0.12342777777777778,0.12661169444805556,0.026073320376666667,2016.0,1.0,5.0,1.0,9,29.5,Tuesday,Morning
2016-01-05 10:00:00,1.5965609074102778,0.07865870372694445,0.04563359461527777,0.06816532407277778,0.09085290277472222,0.0750791759213889,0.013943648163888888,0.13851538425888887,0.010596439786111111,0.012814754615833333,0.045015527775833335,68.54503611111112,0.8140027777777777,7.847755555555555,1019.8904555555556,3.1549805555555555,0.15183055555555555,199.41222222222223,0.04313888888888889,0.18818009258805554,0.008774533955277778,2016.0,1.0,5.0,1.0,10,29.5,Tuesday,Morning
2016-01-05 11:00:00,0.6254473981474999,0.1141162870786111,0.03292910930527777,0.07799899535916667,0.08165603704694445,0.07379731944583333,0.01909543981777778,0.03450271759666667,0.017686384259722222,0.01861171760722222,0.045305703702777776,63.70638888888889,0.6921361111111112,9.750763888888889,1018.8499722222222,5.551472222222222,0.13553888888888888,185.98305555555555,0.04385833333333334,0.10130015277888889,0.01009261478111111,2016.0,1.0,5.0,1.0,11,29.5,Tuesday,Morning
2016-01-05 12:00:00,0.4943001111161111,0.11003340739805556,0.030796526424999998,0.05323230092222222,0.07311259259444444,0.07372964352444444,0.013425587967222222,0.07007976851,0.007813226861666666,0.005545680572777778,0.015269486113333333,52.84804722222222,0.6993111111111111,9.188605555555556,1020.014975,5.204025,0.15239444444444444,227.42805555555555,0.0637638888888889,0.09126506943527778,0.0046839617291666675,2016.0,1.0,5.0,1.0,12,29.5,Tuesday,Afternoon
2016-01-05 13:00:00,0.4842692222277778,0.05213810648027778,0.00017609972361111112,0.051595263889444444,0.06024224536666667,0.07032741666138889,0.012929796301388888,0.03162366667694445,0.00959099073638889,0.004908458345277778,0.010168486108888888,58.54250833333333,0.7447527777777778,9.597769444444445,1023.0684138888889,6.921463888888889,0.26958055555555555,75.67055555555555,0.00036111111111111115,0.09281716667916667,0.004018153284166667,2016.0,1.0,5.0,1.0,13,29.5,Tuesday,Afternoon
2016-01-05 14:00:00,0.6096703101830556,0.07533935185361111,0.03239299412472222,0.09689398148388889,0.08422734721916668,0.06265535648083333,0.013588115746944445,0.03277390277694444,0.0120661388825,0.01875951388166667,0.03221806943694445,53.34336944444445,0.854425,7.950147222222222,1025.890611111111,7.8827694444444445,0.7314222222222222,29.965,0.127775,0.09463156945527777,0.008547743120555555,2016.0,1.0,5.0,1.0,14,29.5,Tuesday,Afternoon
2016-01-05 15:00:00,0.664115189816389,0.07518683797388888,0.05240552877166667,0.06797046759805556,0.07345882871222222,0.05444086573416667,0.014162027778055556,0.0321863333425,0.014997981503611112,0.008897601851944445,0.029552935185,58.00891666666667,0.8410555555555556,9.362144444444445,1021.7127361111111,3.59625,0.4877388888888889,108.80916666666667,0.026283333333333336,0.10364727314444445,0.007446738980555556,2016.0,1.0,5.0,1.0,15,29.5,Tuesday,Afternoon
2016-01-05 16:00:00,0.9463399537127778,0.09767227313777778,0.04848596857166666,0.10478961574666666,0.07062279630555555,0.034013125000555554,0.01616125463361111,0.09013980092444444,0.029318722242222223,0.013246064811666666,0.07797196759555555,55.34446666666666,0.7546305555555556,8.329583333333334,1026.3337194444446,3.4475694444444445,0.06617777777777778,155.58666666666667,0.0,0.12276205092749999,0.01723120903,2016.0,1.0,5.0,1.0,16,29.5,Tuesday,Afternoon
2016-01-05 17:00:00,0.5434067222205555,0.05657839811805555,0.018172808983333334,0.0814047083325,0.06040337499138889,0.03761378703555556,0.014069486115277778,0.03276158796361111,0.009353236134444444,0.013446342591666665,0.035806907410277776,53.390147222222225,0.8074305555555555,8.560433333333334,1018.9570694444445,6.529130555555556,0.3215805555555556,221.77416666666667,0.1273,0.09498837500055557,0.021044280080555554,2016.0,1.0,5.0,1.0,17,29.5,Tuesday,Evening
2016-01-05 18:00:00,0.6632748240699999,0.035200370380555554,0.03310575516027778,0.11323326851444444,0.055324990737222225,0.03532807870555556,0.013843055548333334,0.06810850925222223,0.014651597253611112,0.009007615748055555,0.03284972222055556,49.05316388888888,0.7028,9.796180555555555,1027.8193583333334,4.558997222222222,0.05267777777777778,203.56472222222223,0.0,0.11740807870888889,0.008528841329166667,2016.0,1.0,5.0,1.0,18,29.5,Tuesday,Evening
2016-01-05 19:00:00,0.8041093981491666,0.03949697221388889,0.04848318579888889,0.10093414814083333,0.06861087963388889,0.0329714212925,0.013789620367222222,0.05907206017888889,0.02268862965972222,0.02274347222,0.04385691666277777,49.52393055555555,0.7005027777777778,9.709502777777777,1024.8758833333334,5.8680972222222225,0.08126666666666667,199.30638888888888,0.015675,0.10938520370638888,0.0094234523775,2016.0,1.0,5.0,1.0,19,29.5,Tuesday,Evening
2016-01-05 20:00:00,0.6085626851833333,0.07587283336,0.038080610284722226,0.13964358334083335,0.06362733334333333,0.03280681945194445,0.013668925918611111,0.03986004629472222,0.009130976861666668,0.011186402768333333,0.032117199075277776,57.58336111111111,0.8217138888888889,8.564205555555555,1016.5767694444445,3.980166666666667,0.16516111111111112,185.37416666666667,0.019475,0.0914742176,0.008559380491111112,2016.0,1.0,5.0,1.0,20,29.5,Tuesday,Evening
2016-01-05 21:00:00,0.40704322685833333,0.049473041674722225,3.1902733055555555e-05,0.044918629630277776,0.057050208333888894,0.03204719907472223,0.013347930553611111,0.03835385647694444,0.0069454167,0.004281685191111111,0.013453416664444443,63.89824166666667,0.7204944444444445,9.452666666666666,1015.9406083333333,6.719602777777777,0.1489777777777778,163.35083333333333,0.016441666666666667,0.09052119443055555,0.0047899239025,2016.0,1.0,5.0,1.0,21,29.5,Tuesday,Evening
2016-01-05 22:00:00,0.7358348518483333,0.07113897225055556,0.03268160896583333,0.081095407415,0.06099192593,0.029611194441111113,0.013755171301666667,0.039236101863888886,0.029306842612777776,0.022811449072777778,0.044108495371944445,53.62688055555555,0.809111111111111,7.953544444444444,1001.0976333333333,8.391952777777778,0.4645111111111111,233.98611111111111,0.3038666666666667,0.14401382408166666,0.00942030834,2016.0,1.0,5.0,1.0,22,29.5,Tuesday,Night
2016-01-05 23:00:00,0.5408391342594444,0.06929769442333333,0.03799522556361112,0.08083856481777776,0.054096314821666665,0.026527773143333332,0.013604555551944444,0.03210707870722222,0.013519606495833333,0.022817175916388887,0.031973138893333336,44.35627777777778,0.5761472222222223,9.962950000000001,1016.5885388888889,9.735594444444445,0.16156666666666666,280.6147222222222,0.010925,0.11760266667361112,0.01002526297611111,2016.0,1.0,5.0,1.0,23,29.5,Tuesday,Night
2016-01-06 00:00:00,0.7815440231427778,0.0707334351625,0.03519708192388889,0.08131151852527778,0.07265803703861111,0.02753118981611111,0.014505092588055556,0.1348696620363889,0.020133342607222222,0.02395261111388889,0.03403212964138889,37.511675,0.7429833333333332,8.420783333333333,1024.9893861111111,7.650352777777778,0.49561666666666665,204.21277777777777,0.20678333333333332,0.12941017130416665,0.009404812550277778,2016.0,1.0,6.0,1.0,0,29.5,Wednesday,Night
2016-01-06 01:00:00,0.7078058472250001,0.05229915279,0.03700011065361111,0.10469913425111112,0.06898322223444445,0.037975930552222224,0.014197106478333332,0.09033263888861111,0.014420819490833334,0.0069307315000000005,0.0395402546375,47.695277777777775,0.7548472222222222,9.817758333333334,1015.0864,6.537575,0.19744722222222225,269.5697222222222,0.0551,0.0892264490686111,0.027502997687222225,2016.0,1.0,6.0,1.0,1,29.5,Wednesday,Night
2016-01-06 02:00:00,0.6146982638775,0.03411468519277778,0.01679079185638889,0.12289112962833333,0.07012081018611112,0.03763628240861111,0.01587117592833333,0.05400341203722222,0.010593870402777778,0.014446819426666667,0.03648967592472223,46.536516666666664,0.7568555555555555,9.749016666666666,1024.1906666666666,4.8478666666666665,0.12820277777777778,176.00555555555556,0.0,0.0878328101975,0.008728772375,2016.0,1.0,6.0,1.0,2,29.5,Wednesday,Night
2016-01-06 03:00:00,0.7493755833288889,0.053015425948055556,0.05048965228722223,0.08016009259638888,0.0655452037,0.027317708336666666,0.017004518514722223,0.04455267129333333,0.018721481497222223,0.01588985175888889,0.04441541214722222,48.487702777777784,0.7143833333333334,9.470572222222222,1017.5925277777778,6.442708333333333,0.20494444444444446,268.73333333333335,0.013458333333333334,0.2122567824047222,0.009667233249444445,2016.0,1.0,6.0,1.0,3,29.5,Wednesday,Night
2016-01-06 04:00:00,0.8904052870355555,0.0728800648138889,0.037105237218888885,0.09761167592444445,0.05263505093444444,0.02530472685222222,0.015557324070833333,0.0983043981525,0.010508009236666668,0.014592486103888889,0.039285296297222216,39.22236111111111,0.7119000000000001,9.776419444444445,1025.7669611111112,6.240577777777778,0.1194861111111111,215.0847222222222,0.013141666666666668,0.25564796296416664,0.023754273861111112,2016.0,1.0,6.0,1.0,4,29.5,Wednesday,Morning
2016-01-06 05:00:00,0.63831672222,0.021522458330555553,0.0203521216,0.04198667129,0.05415268054888889,0.018201902781666668,0.014602453701944445,0.06177967592611111,0.004974828710277777,0.0054927777825,0.009793018515555555,44.37275277777778,0.685775,9.703758333333333,1012.4582138888888,5.490922222222222,0.2369777777777778,278.6191666666667,0.007758333333333333,0.276135481485,0.002982291411111111,2016.0,1.0,6.0,1.0,5,29.5,Wednesday,Morning
2016-01-06 06:00:00,0.6616704814841666,0.050070930583055555,0.01709968757583333,0.08059235184916667,0.05213737037694445,0.026380037039166665,0.014606939804722222,0.035745796295555556,0.012257333327222222,0.009237879634166668,0.02314682870333333,41.74990555555556,0.5133916666666667,9.998416666666667,1015.7029638888889,9.222211111111111,0.1209888888888889,275.0155555555556,0.00015833333333333335,0.16602691666972222,0.00789805823361111,2016.0,1.0,6.0,1.0,6,29.5,Wednesday,Morning
2016-01-06 07:00:00,0.6213014768641666,0.05987692594972222,0.017588964223055555,0.08215189814361111,0.05501393517138889,0.024796296295277777,0.013586240741944445,0.03520869444777778,0.012683430566666666,0.024970578698611114,0.0444394907425,43.178219444444444,0.6929222222222222,8.751469444444444,1012.9779,5.012683333333333,0.40675277777777774,171.00277777777777,0.14248055555555555,0.1601713703677778,0.007137765546388889,2016.0,1.0,6.0,1.0,7,29.5,Wednesday,Morning
2016-01-06 08:00:00,0.7810786203683333,0.04160275004555556,0.03871560409055555,0.07744422221805555,0.05619581019222222,0.025122851852500003,0.014616060183055555,0.11710539351333334,0.01480301389111111,0.006155476866666666,0.03804626852027777,45.415419444444446,0.7618666666666666,9.031375,1014.4782638888889,6.173147222222222,0.08931388888888889,275.07944444444445,0.0003361111111111111,0.18161293518888888,0.009855623477777778,2016.0,1.0,6.0,1.0,8,29.5,Wednesday,Morning
2016-01-06 09:00:00,0.8864905185125,0.06378525461,0.033483322668333336,0.052691523150833336,0.05584497222694444,0.02366016666611111,0.013406194441666667,0.036942305555,0.022042518528888888,0.011230365727499999,0.03508247686111111,38.57411111111111,0.7637611111111111,8.095894444444445,1002.5719527777777,8.853586111111111,0.5100694444444445,212.91,0.09183333333333332,0.20868559721944444,0.02878590213861111,2016.0,1.0,6.0,1.0,9,29.5,Wednesday,Morning
2016-01-06 10:00:00,0.7052389814925,0.04838737036361111,0.03780637126777778,0.059323833339444444,0.055501666662777775,0.027837787040277777,0.013694851851666667,0.06649208796222222,0.009457143533055556,0.009401439805,0.06990180555805556,31.734544444444445,0.6174444444444445,9.89423611111111,1017.3513833333333,10.997544444444445,0.2179388888888889,280.1952777777778,0.0,0.18027649074416666,0.005832160283611111,2016.0,1.0,6.0,1.0,10,29.5,Wednesday,Morning
2016-01-06 11:00:00,0.8621934814880555,0.08866526389388889,0.03620352272166667,0.08770725925805554,0.04935255555194445,0.03175535185055556,0.01409431944611111,0.046640180556944445,0.022064898144444445,0.016656439802777777,0.07068830555055555,38.15412222222222,0.8825055555555555,5.890433333333334,1022.7874,3.139925,0.5997388888888888,161.88916666666665,0.04243333333333333,0.27052710186305556,0.024390317360555556,2016.0,1.0,6.0,1.0,11,29.5,Wednesday,Morning
2016-01-06 12:00:00,0.8064694861055556,0.057456796322777774,0.03539551491777777,0.09487940740666667,0.06401715278722223,0.03369391666166666,0.015618527775,0.04149736110861112,0.017907175942777777,0.016354444446944446,0.057499888892222226,33.830974999999995,0.8147833333333333,9.715566666666668,1019.4742833333333,4.474861111111111,0.19048888888888887,249.1375,0.019997222222222222,0.1918510555588889,0.00982110424611111,2016.0,1.0,6.0,1.0,12,29.5,Wednesday,Afternoon
2016-01-06 13:00:00,0.6637382175847222,0.05677010185555555,0.020050351884722224,0.06502752777944444,0.05115729167805556,0.0362759953725,0.01399347222611111,0.036334810182499996,0.012445143526666666,0.006426592585833333,0.037819111110000005,46.06349166666667,0.8674472222222223,6.483825,1008.1554722222223,5.70543888888889,0.5654944444444444,193.32333333333332,0.28352777777777777,0.20494495832138887,0.008394262598055554,2016.0,1.0,6.0,1.0,13,29.5,Wednesday,Afternoon
2016-01-06 14:00:00,0.8074809166641667,0.05811397222694445,0.03771587943666667,0.068483986105,0.06316801389416667,0.04935092592638889,0.014739347219166667,0.045932060185,0.0207064722275,0.0075204398072222225,0.034794055560833335,37.85639166666667,0.6017666666666667,9.990658333333334,1014.7144472222221,9.850341666666667,0.23120833333333335,291.31555555555553,0.0,0.22980521295805553,0.009026187260555556,2016.0,1.0,6.0,1.0,14,29.5,Wednesday,Afternoon
2016-01-06 15:00:00,0.9830903518491666,0.06372279168222222,0.03535921559722222,0.08899589814499999,0.05230288887611111,0.017978273147499998,0.014033749992499999,0.03440718056138889,0.023226351848055552,0.014811629628055555,0.054235296295555555,32.98789166666667,0.8212083333333333,8.00786388888889,1017.3336416666666,3.7564194444444445,0.3253055555555555,137.2486111111111,0.08724166666666666,0.45931275462888893,0.030979774570833334,2016.0,1.0,6.0,1.0,15,29.5,Wednesday,Afternoon
2016-01-06 16:00:00,1.2511156296297223,0.0276783379725,0.04753493523472222,0.11479218517694444,0.06340787036916666,0.026559412040555553,0.014872620373611112,0.033341685185277775,0.031018814817777778,0.015703523136944442,0.06637731944805556,32.270294444444446,0.7095638888888889,8.182002777777777,1015.0965583333333,7.645416666666667,0.26814722222222226,256.1686111111111,0.0,0.33139217592722225,0.011882581011944443,2016.0,1.0,6.0,1.0,16,29.5,Wednesday,Afternoon
2016-01-06 17:00:00,0.8351970879697221,0.03918691666305556,0.039032981733055555,0.07956700000111111,0.044305185188888895,0.020642027773888887,0.014275787035000001,0.13668768518444444,0.007470777763888888,0.0040855648075,0.018635879631111112,24.35536666666667,0.724211111111111,8.074191666666668,1025.2713722222222,5.122108333333333,0.19921944444444445,225.2525,0.09784999999999999,0.35284023611583337,0.006341168145277777,2016.0,1.0,6.0,1.0,17,29.5,Wednesday,Evening
2016-01-06 18:00:00,0.8772092407483333,0.02091927780527778,0.019746725896666668,0.12827965277555556,0.056740532413333336,0.02864895833138889,0.01398814814638889,0.03404933333555556,0.017251282407777777,0.01689014814222222,0.06377796295861111,31.615827777777778,0.6575972222222222,9.595544444444444,1014.0702222222221,6.917122222222222,0.16572222222222222,243.08555555555554,0.0006333333333333334,0.25262305092055554,0.007478926626111111,2016.0,1.0,6.0,1.0,18,29.5,Wednesday,Evening
2016-01-06 19:00:00,0.7421478009188889,0.034397972217499996,0.03978318056333334,0.08223377778361111,0.04631153241944445,0.020567467583611113,0.013493898152222222,0.04177444907444445,0.009164874985833333,0.012389013883055555,0.03683453240777778,17.084744444444446,0.6110388888888888,8.050258333333334,1019.5723277777778,8.619825,0.3196277777777778,216.2288888888889,0.10702777777777778,0.3041690972297222,0.006700775186111111,2016.0,1.0,6.0,1.0,19,29.5,Wednesday,Evening
2016-01-06 20:00:00,1.0773930879691667,0.04066290274638889,0.03569895615416667,0.11524498610583334,0.06142546297805555,0.021957249989444445,0.01415732407861111,0.03551249999944445,0.025782953701944444,0.016206199075833334,0.051835236113333336,23.39977222222222,0.6753527777777778,8.418030555555555,1027.8012583333332,7.345911111111111,0.31200555555555554,215.33638888888888,0.09761388888888889,0.35851894907250004,0.0210566451875,2016.0,1.0,6.0,1.0,20,29.5,Wednesday,Evening
2016-01-06 21:00:00,0.7975991990747222,0.02596862038111111,0.026274149077222222,0.09578290277361111,0.04586384259083333,0.02025036573777778,0.014259745374722223,0.03494679629777778,0.012982851849166668,0.004792643513888889,0.04095422222166667,28.462333333333333,0.6788861111111111,9.553816666666666,1020.0452972222222,5.244291666666667,0.1902361111111111,230.2061111111111,0.004833333333333333,0.3541855740655555,0.009032497194722223,2016.0,1.0,6.0,1.0,21,29.5,Wednesday,Evening
2016-01-06 22:00:00,1.0182658657377779,0.06164813423916667,0.05206619371833333,0.0880831388925,0.05868054166805555,0.028704740747777777,0.013481615734444443,0.03301299074194444,0.01578356944472222,0.012716115736944445,0.05276932407583333,36.106630555555554,0.6901027777777777,9.290033333333334,1025.4968972222223,7.832447222222223,0.21208888888888888,233.53277777777777,0.062066666666666666,0.47698556017361116,0.009990342940833332,2016.0,1.0,6.0,1.0,22,29.5,Wednesday,Night
2016-01-06 23:00:00,1.0138773101886112,0.03184905556888889,0.019629981139444443,0.041428240746388886,0.05145145370472222,0.028577416664722223,0.014474736114166668,0.03276487500361111,0.014980370366944445,0.003916907393888888,0.07353856944166667,35.21923611111111,0.6829111111111111,9.212716666666667,1022.6494583333333,8.309244444444444,0.33265277777777774,188.9777777777778,0.01425,0.41934144908916665,0.007839423421944445,2016.0,1.0,6.0,1.0,23,29.5,Wednesday,Night
2016-01-07 00:00:00,0.8675747150917378,0.0368265526968661,0.02086376992905983,0.041581609693162394,0.046582355178632476,0.024598603994586896,0.013791975313960115,0.0328583000988604,0.010096590672364673,0.014205740735897436,0.038613024684330484,32.10088603988604,0.7437321937321937,8.370179487179486,1008.3335185185185,7.7386125356125355,0.29246153846153844,225.83760683760684,0.12101709401709401,0.4592565147242165,0.0034602485056980056,2016.0,1.0,7.0,1.0,0,28.752136752136753,Thursday,Night
